Unnamed: 0,Unnamed: 1,Unnamed: 2,Unnamed: 3,Unnamed: 4,Unnamed: 5
Demanda Energía SIN 2025,,,,,
,,,,,
Fecha,Demanda Energia SIN kWh,Generación kWh,Demanda No Atendida kWh,Exportaciones kWh,Importaciones kWh
2025-01-01,176782080.52,178819653.46,14790,2056154.41,3791.47
2025-01-02,202358508.12,207585682.86,14950,5242124.74,
2025-01-03,209932434.42,215503432.54,7870,5578868.12,
2025-01-04,204604614.16,209157707.43,25480,4578573.27,
2025-01-05,187896424.11,196702923.73,94660,8901159.62,
2025-01-06,192933134.14,200214640.68,44870,7327102.1,725.56
2025-01-07,217949046.76,224507757.4,15170,6575383.5,1502.86
2025-01-08,225020386.27,234942773.64,41290,9963677.37,
2025-01-09,226599678.07,234120215.66,35910,7556447.59,
2025-01-10,228762353.69,236570870.88,51100,7859617.19,
2025-01-11,219455514.56,226566622.94,23180,7134288.38,
2025-01-12,201561833.07,207777019.16,32630,6247816.09,
2025-01-13,226831815.32,232885507.19,19120,6072811.87,
2025-01-14,230651859.13,240329783.82,16090,9694014.69,
2025-01-15,230466378.990001,240106625.200001,42760,9683006.21,
2025-01-16,230850595.73,240785020.51,280490,10214914.78,
2025-01-17,232853777.689999,243132436.099999,44300,10322958.41,
2025-01-18,220893172.19,227852919.64,34700,6994447.45,
2025-01-19,203612542.87,210873703.28,495560,7756720.41,
2025-01-20,230549122.95,241119396.71,23540,10593813.76,
2025-01-21,234878052.879999,244219874.699999,28360,9370181.82,
2025-01-22,236023969.77,245451261.62,44650,9471941.85,
2025-01-23,236904129.67,246671304.35,51180,9818354.68,
2025-01-24,236608651.470001,246907703.090001,26730,10325781.62,
2025-01-25,225475347.63,234334431.7,24370,8883454.07,
2025-01-26,206044598.73,208736128.4,1008450,3714365.61,14385.94
2025-01-27,234066863.59,238558112.62,41960,4533209.03,
2025-01-28,235486244.31,240921680.56,288280,5723716.25,
2025-01-29,237550966.22,240944581.89,57690,3453079.29,1773.62
2025-01-30,238718667.65,238549401.38,213600,48785.03,4451.3
2025-01-31,238745089.2,239191285.7,49140,502313.5,6977
2025-02-01,226388454.89,228567842.33,200370,2382378.45,2621.01
2025-02-02,205726262.04,209503675.63,115590,3902864.15,9860.56
2025-02-03,232431181.420001,241290396.220001,31150,8890364.8,
2025-02-04,235227693.560001,242425060.450001,687500,7884866.89,
2025-02-05,236875816.66,245140606.8,188820,8453610.14,
2025-02-06,236228382.950001,246038836.950001,40970,9851424,
2025-02-07,237406564.38,247650990.98,26770,10271196.6,
2025-02-08,224242425.47,230088635.61,97450,5943660.14,
2025-02-09,204694069.41,207494256.81,130770,2930957.4,
2025-02-10,228534505.76,228292942.59,261350,26075.16,6288.33
2025-02-11,231893581.120001,231893078.810001,21040,22659.27,2121.58
2025-02-12,233235356.12,233127208.23,120720,22828.54,10256.43
2025-02-13,234706651.09,234038421.15,100850,52514.93,619894.87
2025-02-14,233273273.19,233176407.97,85510,14435.13,25790.35
2025-02-15,221755528.459999,218125055.819999,54490,17631.71,3593614.35
2025-02-16,202677851.24,202518646.94,132420,22248.77,49033.07
2025-02-17,228654602.17,227718359.5,262130,33614.75,707727.42
2025-02-18,231630632.94,230852568.64,409010,28357.72,397412.02
2025-02-19,233654623.49,233562029.77,78920,22525.27,36198.99
2025-02-20,235873452.05,234826340.63,286700,19497.6,779909.02
2025-02-21,237009272.85,236907777.81,28730,22324.47,95089.51
2025-02-22,224970455.92,224563391.31,100780,24480.79,330765.4
2025-02-23,205923287.77,201583813.91,424320,8765.54,3923919.4
2025-02-24,231600337.12,224544375.37,72590,2109.48,6985481.23
2025-02-25,235168399.789999,229946458.809999,41310,6256.27,5186887.25
2025-02-26,233935210.86,230707309.02,101120,13462.81,3140244.65
2025-02-27,235260612.73,233674392.83,38510,16938.83,1564648.73
2025-02-28,233597034.87,230061405.49,85820,9778.62,3459588
2025-03-01,223450691.19,218821787.63,27130,6387.22,4608160.78
2025-03-02,204479789.549999,204152257.639999,336810,19810.41,10532.32
2025-03-03,227991105.25,224228904.82,83340,5100.08,3683960.51
2025-03-04,232876278.07,227011028.84,89470,3699.07,5779478.3
2025-03-05,233908758.31,233813083.16,71910,27121.8,50886.95
2025-03-06,233370678.18,233213636.94,189680,42112.54,9473.78
2025-03-07,234678676.6,234674030.31,25090,25375.24,4931.53
2025-03-08,223071372.88,216846837.07,7080,3575.27,6221031.08
2025-03-09,206160335.12,205054102.83,522870,19138.33,602500.62
2025-03-10,231579400.11,227525935.99,19810,5822.53,4039476.65
2025-03-11,234564421.65,230842126.4,31550,3866.14,3694611.39
2025-03-12,233269870.01,227445374.34,225840,1250.79,5599906.46
2025-03-13,234692038.5,233665400.49,107360,2357493.91,3276771.92
2025-03-14,234611106.44,231268133.25,388710,11197.37,2965460.56
2025-03-15,223387897.1,220385265.22,521370,17545.93,2498807.81
2025-03-16,204562382.5,199937308.76,964380,9689.85,3670383.59
2025-03-17,230219747.66,227139498.59,86780,13401.79,3006870.86
2025-03-18,230683798.34,229875006.76,37020,26081.58,797853.16
2025-03-19,232712951.24,230045736.99,43950,6829.94,2630094.19
2025-03-20,235809934.44,234411969.46,191050,12554.81,1219469.79
2025-03-21,236444536.37,235520598.71,72090,19228.67,871076.33
2025-03-22,228783172.45,228361224.69,15960,22467.77,428455.53
2025-03-23,208626782.020001,208610880.710001,18510,21632.73,19024.04
2025-03-24,214877459.74,213040624.8,652470,226858.42,1411223.36
2025-03-25,238815086.12,235959612.49,115980,11829.19,2751322.82
2025-03-26,239522721.33,238724152.59,279580,197754.75,716743.49
2025-03-27,240137295.27,239408966.89,1107220,387822.48,8930.86
2025-03-28,237038872.96,236754803.02,307760,31352.03,7661.97
2025-03-29,225778663.23,221618853.68,316680,11540.72,3854670.27
2025-03-30,205808757.56,204851874.91,964810,19095.56,11168.21
2025-03-31,229567629.25,227254517.67,379160,226849.71,2160801.29
2025-04-01,231817345.35,229278074.02,199980,1398368.04,3737659.37
2025-04-02,231715294.56,231343981.33,61840,14705.59,324178.82
2025-04-03,234007266.27,233613411.23,409110,24707.42,9452.46
2025-04-04,232099795.15,231847550.56,275520,28355.94,5080.53
2025-04-05,222631060.78,222147536.81,489960,18413.23,11977.2
2025-04-06,203635512.63,203144159.96,285060,23876.62,230169.29
2025-04-07,229475937.81,228686255.43,690440,14321.69,113564.07
2025-04-08,232339945.05,229950230.19,132140,179947.08,2437521.94
2025-04-09,234288273.89,233947369.87,351040,22398.44,12262.46
2025-04-10,232486793.25,231407616.45,424090,22472.45,677559.25
2025-04-11,227473245.72,227032715.19,459750,24749.97,5530.5
2025-04-12,222782383.81,222266354.08,521910,19527.21,13646.94
2025-04-13,210250904.48,210229662.97,28270,17783.5,10755.01
2025-04-14,235965898.02,235850482.43,124770,19647.31,10292.9
2025-04-15,239000887.76,238959663.1,55620,28181.82,13786.48
2025-04-16,235568456.57,235551177.32,39050,34228.52,12457.77
2025-04-17,208828377.41,208824772.97,15000,23946.79,12551.23
2025-04-18,197439866.88,197442142.26,16910,25963.06,6777.68
2025-04-19,208885528.820001,208776631.640001,123780,24958.15,10075.33
2025-04-20,204568558.54,204531523.32,42880,14826.15,8981.37
2025-04-21,230429639.49,230425014.59,54890,59845.9,9580.8
2025-04-22,233352747.32,233509740.62,111000,280763.77,12770.47
2025-04-23,233750501.78,233898570.49,188020,347837.72,11749.01
2025-04-24,236150125.04,237640231.03,440880,1939904.61,8918.62
2025-04-25,236252101.11,236158305.33,118040,32391.3,8147.08
2025-04-26,222706947.97,223215379.82,95200,608771.68,5139.83
2025-04-27,203907759.57,203041117.06,876990,21314.15,10966.66
2025-04-28,228629509.68,232593708.16,62770,4031655.27,4686.79
2025-04-29,231783161.64,231563002.06,217730,15927.55,18357.13
2025-04-30,229791321.52,229519090.7,278050,14729.73,8910.55
2025-05-01,212515295.95,212471873.35,58940,23312.65,7795.25
2025-05-02,230903096.970001,230897960.080001,23780,26625.98,7982.87
2025-05-03,217753015.23,217710976.52,58300,24507.62,8246.33
2025-05-04,201832601.17,201775192.51,63990,18678.07,12096.73
2025-05-05,225414788.88,225998943.03,22250,619370.14,12965.99
2025-05-06,230027584.49,229982181.16,52460,24439.24,17382.57
2025-05-07,229281378.27,229269152.11,36010,31365.51,7581.67
2025-05-08,230338576.61,230103684.22,254200,27151.34,7843.73
2025-05-09,233638186.31,233483833.01,162910,18346.18,9789.48
2025-05-10,228616428.05,228540954.58,90670,28782.19,13585.66
2025-05-11,209859964.13,209631519.48,239360,22365.93,11450.58
2025-05-12,239234528.62,240073728.05,101440,957351.86,16712.43
2025-05-13,241436978.88,241403948.22,44030,21583.57,10584.23
2025-05-14,240310444.78,239557513.47,761410,18176.95,9698.26
2025-05-15,234154997.34,234110358.5,67240,29660.15,7058.99
2025-05-16,232278695.7,232254076.26,37500,25536.56,12656
2025-05-17,220001044.65,219736786.35,277290,22949.15,9917.45
2025-05-18,203688132.49,203342717.69,351300,20751.09,14865.89
2025-05-19,226520966.98,226012582.21,519600,27286.47,16071.24
2025-05-20,233698080.43,233614866.09,102270,29441.64,10385.98
2025-05-21,237367969.91,236979073.46,405790,20608.11,3714.56
2025-05-22,237748388.429999,237592288.049999,174920,24036.5,5216.88
2025-05-23,241822075.649999,241752066.329999,76340,19344.5,13013.82
2025-05-24,232588944.240001,232596880.700001,11180,30158.72,11042.26
2025-05-25,213229430.29,213073377.26,165890,23326.71,13489.74
2025-05-26,235492537.08,235447646.48,63010,31377.53,13258.13
2025-05-27,236535994.020001,236313539.400001,240370,25543.8,7628.42
2025-05-28,237822738.98,237621287.48,220570,22924.05,3805.55
2025-05-29,238907362.41,238794995.36,129560,22721.39,5528.44
2025-05-30,241878795.32,241834688.65,58400,22972.14,8678.81
2025-05-31,225086847.060001,225066736.330001,40560,26638.86,6189.59
2025-06-01,201740281.93,201306579.66,441150,28542.47,21094.74
2025-06-02,210175983.68,210083472.57,105950,23442.75,10003.86
2025-06-03,233988126.48,233945497.74,59740,25702.56,8591.3
2025-06-04,237485366.76,237657369.63,26710,208520.46,9807.59
2025-06-05,238608765.289999,238585742.809999,39970,26046.14,9098.62
2025-06-06,238486232.579999,238267058.589999,241100,29132.7,7206.69
2025-06-07,228927463.05,228859721.95,76320,23775.25,15196.35
2025-06-08,214584635.649999,214046380.599999,546150,25000.68,17105.73
2025-06-09,237323332.48,236800089.71,539490,22122.45,5875.22
2025-06-10,235182086.04,235109532.08,91980,25626.79,6200.75
2025-06-11,231514723.04,231445034.66,85530,25882.34,10040.72
2025-06-12,233871911.32,233734434.75,156030,29810.32,11256.89
2025-06-13,228892807.56,228674893.27,226580,19698.39,11032.68
2025-06-14,215855419.37,215497296.2,372770,24347.48,9700.65
2025-06-15,201033923.56,200998555.98,38240,20107.08,17234.66
2025-06-16,232847177.99,232740606.39,122460,25853.86,9965.46
2025-06-17,236822161.82,236110399.92,720210,23037.45,14589.35
2025-06-18,238787196.35,238761135.66,31600,24463.96,18924.65
2025-06-19,242344655.11,241971108.3,382680,23426.74,14293.55
2025-06-20,244048946.569999,243704518.269999,380380,47634.76,11683.06
2025-06-21,231283675.53,231247302.54,39430,22017.44,18960.43
2025-06-22,205025399.45,204739546.25,291070,25467.3,20250.5
2025-06-23,206601005.24,206597226.28,27270,37599.96,14108.92
2025-06-24,231234145.58,231130825.83,114910,22867.26,11277.01
2025-06-25,236507245.020001,236511519.270001,35970,45875.32,5631.07
2025-06-26,240558817.92,240397180.13,186420,40674.4,15892.19
2025-06-27,240367607.25,240243595.93,140680,28798.59,12129.91
2025-06-28,226770875.45,226839255.24,28930,120228.73,22918.94
2025-06-29,208020521.29,207934744.27,88120,18610.95,16267.97
2025-06-30,213920549.8,213774603.52,207290,79941.14,18597.42
2025-07-01,236290485.64,236265069.34,25180,15667.38,15903.68
2025-07-02,240759815.79,240768814.4,14190,37018.03,13829.42
2025-07-03,240296070.3,241031376.57,68810,805438.65,1322.38
2025-07-04,237505037.67,238035515.13,27750,573243.92,15016.46
2025-07-05,221246521.940001,221132552.330001,112720,16308.11,17557.72
2025-07-06,207077309.87,206315643.87,765640,20491.2,16517.2
2025-07-07,236296513.53,235599755.36,695400,25338.89,26697.06
2025-07-08,240903693.91,240888992.26,13350,12608.91,13960.56
2025-07-09,241537087.93,241536570.06,30460,36466.49,6524.36
2025-07-10,241369865.34,241221496.27,43130,18590.18,123829.25
2025-07-11,241189836.55,241171927.36,14180,11899.27,15628.46
2025-07-12,228606403.63,228574109.14,41570,23438.7,14163.19
2025-07-13,209188365.48,208146203.21,1048030,22256.58,16388.85
2025-07-14,234616119.04,234376466.69,246990,20314.16,12976.51
2025-07-15,239999590.75,239411662.77,596380,19369.51,10917.49
2025-07-16,241921967.66,241797505.3,135580,26546.94,15429.3
2025-07-17,243409495.61,243411483.77,12750,23815.35,9077.19
2025-07-18,245720904.22,245596638.07,136160,24617.43,12723.58
2025-07-19,233767286.23,234276986.79,17400,534221.95,7121.39
2025-07-20,214696790.99,214485752.62,217880,21861.1,15019.47
2025-07-21,240369100.45,240279478.9,107760,27138.6,9000.15
2025-07-22,245727479.33,245561459.07,180480,20154.45,5694.71
2025-07-23,243168000.47,243397210.27,209580,445759.22,6969.42
2025-07-24,245565939.29,246383093.51,77080,904391.16,10156.94
2025-07-25,243107363.68,243206488.05,55130,164498.44,10244.07
2025-07-26,229231474.22,228195553.78,1045740,22694.86,12875.3
2025-07-27,208957906.84,208230847.51,733940,21190.13,14309.46
2025-07-28,238234086.22,238228915.61,137690,140430.15,7910.76
2025-07-29,240826213.6,240686495.09,133360,14923.43,21281.94
2025-07-30,238864193.58,238439618.79,438500,22698.5,8773.29
2025-07-31,243844763.88,243966723.22,91640,230847.42,17248.08
2025-08-01,246052928.540001,247400029.350001,128430,1486360.58,10829.77
2025-08-02,233588970.35,234827846.53,155050,1403610.47,9684.29
2025-08-03,208783325.42,208491313.34,301500,21303.1,11815.18
2025-08-04,233977824.51,234095149.99,5670,135699.1,12703.62
2025-08-05,238690139.11,238713213.9,14850,49870.25,11945.46
2025-08-06,237671534.74,237806995.64,123590,268221.63,9170.73
2025-08-07,221472224.21,221745388.36,193430,473806.04,7211.89
2025-08-08,237294054.73,237919523.01,46810,676503.77,4225.49
2025-08-09,221993599.29,221961789.48,22170,8503.07,18142.88
2025-08-10,202973489.98,202957276.57,22900,20894.47,14207.88
2025-08-11,233580473.27,232969855.98,617620,14249.22,7246.51
2025-08-12,239624523.41,242024159,214190,2616027.99,2202.4
2025-08-13,243239620,243886380.22,365770,1017222.64,4692.42
2025-08-14,242958762.27,242953932.35,15670,17486.35,6646.27
2025-08-15,239205605.49,241657861.72,93040,2547569.24,2273.01
2025-08-16,222564598.23,222472961.75,101700,17782.16,7718.64
2025-08-17,203560122.55,203433109.82,130570,26285.06,22727.79
2025-08-18,210525438.85,210110340.47,247030,40425.39,208493.77
2025-08-19,237872706.46,236938773.55,933400,11523.26,12056.17
2025-08-20,246295299.96,250744012.85,610240,5058952.89,
2025-08-21,246835016.03,250848913.59,110230,4124127.56,
2025-08-22,244573896.74,249134201.2,41510,4601814.46,
2025-08-23,230254506.74,232876125.34,48510,2672653.3,2524.7
2025-08-24,214548247.62,214474365.77,448070,386574.34,12386.19
2025-08-25,241705422.75,241472542.8,237500,18850.54,14230.49
2025-08-26,244942085.3,244928703.42,29000,20978.36,5360.24
2025-08-27,246031444.91,247455297.24,33180,2243815.76,786783.43
2025-08-28,245621527.38,245020923.6,50790,11225.91,561039.69
2025-08-29,246952941.16,246539696.3,226020,9452.2,196677.06
2025-08-30,233997730.85,233909779.03,89900,16817.39,14869.21
2025-08-31,214412559.12,214369789.4,608300,570380.62,4850.34
2025-09-01,238884784.35,242147447.77,124800,3390220.35,2756.93
2025-09-02,242284222.94,246420104.22,77200,4214911.86,1830.58
2025-09-03,243698224.04,243695642.18,864770,864555.79,2367.65
2025-09-04,245899335.59,246470660.47,41800,625579.8,12454.92
2025-09-05,240618190.64,248203110.78,21560,7610300.72,3820.58
2025-09-06,226314973.07,234308004.41,181190,8174716.91,495.57
2025-09-07,207186623.85,207599764.52,454970,878292.78,10182.11
2025-09-08,232462874.79,239761445.09,59650,7363989.21,5768.91
2025-09-09,243107508.76,251577613.77,50060,8520431.36,266.35
2025-09-10,248396148.93,254952814.08,306800,6865804.66,2339.51
2025-09-11,249800417.67,249755486.76,61970,24587.7,7548.61
2025-09-12,242443560.68,241985239.74,143630,26550.8,341241.74
2025-09-13,233569476.43,230180991.51,25500,5043.49,3368028.41
2025-09-14,213518796.66,211820538.33,377170,17901.02,1338989.35
2025-09-15,244360626.900001,241732061.100001,28530,7335.51,2607371.31
2025-09-16,246410869.63,246382709.19,46300,22678.53,4538.97
2025-09-17,242843593.2,242710202.41,152430,23420.02,4380.81
2025-09-18,239330764.52,239207685.31,141940,26589.99,7729.2
2025-09-19,237896611.62,237889331.16,25910,27222.01,8592.47
2025-09-20,226353039.92,226319596.49,48810,26220.09,10853.52
2025-09-21,211947367.78,211697300.88,256820,18625.08,11871.98
2025-09-22,238191662.52,238451498.5,248520,517609.44,9253.46
2025-09-23,246576573.28,248182319.39,274850,1881112.72,516.61
2025-09-24,247018568.07,250889738.02,181020,4055154.25,2964.3
2025-09-25,244282448.88,246054416.3,118740,1896689.07,5981.65
2025-09-26,243833380.23,243719908.86,131120,25791.08,8142.45
2025-09-27,230837903.04,225613055.01,176250,,5048598.03
2025-09-28,212872840.33,203963990.47,598930,,8309919.86
2025-09-29,238806455.87,238470596.43,354080,24565.71,6345.15
2025-09-30,235436131.13,235216909.64,237130,27238.57,9330.06
2025-10-01,238050243.49,237116636.44,956580,28584.7,5611.75
2025-10-02,237712401.480001,237510727.8,217010,24053.06,8716.74
2025-10-03,238790608.3,238766278.49,53240,37905.85,8995.66
2025-10-04,224272026.47,223760849.5,323910,20228.87,207495.84
2025-10-05,210838100.33,209968358.11,184960,931944.71,1616726.93
2025-10-06,238333592.25,238242208.23,99480,34690.25,26594.27
2025-10-07,241907012.89,241686705.6,234790,24824.43,10341.72
2025-10-08,242180208.33,242606060.95,115060,554272.68,13360.06
2025-10-09,241051773.37,242000055.31,64960,1015963.94,2722
2025-10-10,235418843.47,237023230.23,73310,1677696.76,
2025-10-11,220353004.68,220258039.02,115090,20124.34,
2025-10-12,199539011.96,199526091.8,25190,14623.2,2353.36
2025-10-13,205163443.5,205338212.14,86850,262128.1,509.46
2025-10-14,232764659.28,232704524.71,79890,20828.22,1072.79
2025-10-15,235556019.33,235419691.97,83250,24381.08,77458.44
2025-10-16,231451246.84,231441283.76,29920,30336.54,10379.62
2025-10-17,235155053.47,236718818.14,33020,1603052.72,6268.05
2025-10-18,228493008.99,228414215.48,104360,27149.39,1582.9
2025-10-19,210586578.190001,210546042.910001,53520,20902.42,7917.7
2025-10-20,236585905.61,237810102.12,24710,1253479.8,4573.29
2025-10-21,238450827.560001,238266993.460001,213410,35947.87,6371.97
2025-10-22,239883009.51,246194079.51,290600,6601670,
2025-10-23,240271401.89,248262841.72,47840,8039279.83,
2025-10-24,241451417.080001,245924210.470001,15480,4491418.11,3144.72
2025-10-25,230297676.97,235505411.35,150200,5362712.08,4777.7
2025-10-26,214781946.13,222605175.01,33020,7856248.88,
2025-10-27,237153465.2,242297852.84,70680,5215067.64,
2025-10-28,243874047.04,244460702.85,134230,726772.61,5886.8
2025-10-29,244927828.5,244944524.43,15050,33808,2062.07
2025-10-30,242716358.42,242304967.89,422510,25873.74,14754.27
2025-10-31,239084406.43,238869959.69,234250,29894.06,10090.8
2025-11-01,230237322.43,229932021.87,339940,40489.63,5850.19
2025-11-02,213451728.33,214316650.99,575330,1445290.09,5037.43
2025-11-03,217490492.49,218450842.33,217800,1186085.78,7935.94
2025-11-04,240103293.3,238786989.93,211430,24130.45,1129003.82
2025-11-05,242786281.23,241745788.89,782210,24910.06,283192.4
2025-11-06,242695384.06,242006500.97,633440,26039.38,81482.47
2025-11-07,246744771.1,241752210.59,222790,1890.82,4771661.33
2025-11-08,238748073.39,235778055.78,43950,3524.05,2929591.66
2025-11-09,220648613.3,217305030.34,432370,5259.73,2916472.69
2025-11-10,243474934.44,241256182.75,38350,217349.19,2397750.88
2025-11-11,243891035.23,242521662.27,437090,19430.76,951713.72
2025-11-12,246087088.62,245189762.9,59820,10718.94,848224.66
2025-11-13,245468018.62,245191000.38,85750,17455.49,208723.73
2025-11-14,245671783.34,246513232.27,153200,2032815.02,1038166.09
2025-11-15,231599922.85,226865502.83,157540,,4576880.02
2025-11-16,208263729.56,205012273.11,543690,8898.95,2716665.4
2025-11-17,213905315.4,212036168.94,431840,10709.34,1448015.8
2025-11-18,241211070.57,240674732.63,204150,25022.19,357210.13
2025-11-19,247490571.12,244554294.7,294440,9081.02,2650917.44
2025-11-20,246877681.33,246638970.3,208430,31658.76,61939.79
2025-11-21,245929777.28,245001353.06,25580,23774.45,926618.67
2025-11-22,235647845.15,232675824.84,46060,5968.61,2931928.92
2025-11-23,217106505.41,211419073.44,471370,5317.59,5221379.56
2025-11-24,242392320.97,240098241.35,7820,21835.33,2308094.95
2025-11-25,246749296.540001,244767411.570001,261300,17079.13,1737664.1
2025-11-26,249432208.11,248517414.72,33930,17915.4,898778.79
2025-11-27,249412053.14,246909948.05,27840,8972.25,2483237.34
2025-11-28,241627914.32,238635286.37,161690,11813.99,2842751.94
2025-11-29,223475691.86,219729908.94,100280,6009.2,3651512.12
2025-11-30,209955252.819999,204944885.689999,247090,2725.56,4766002.69
2025-12-01,232517281.66,229358065.98,22940,13506.81,3149782.49
2025-12-02,237753906.6,236766835.24,71900,18538.24,933709.6
2025-12-03,241465355.21,241401718.19,70610,33616.38,26643.4
2025-12-04,241859137.63,241660716.27,271720,98655.9,25357.26
2025-12-05,241810727.059999,244334442.759999,22790,2552485.6,5979.9
2025-12-06,232208654.23,238034552.12,54120,5882540.5,2522.61
2025-12-07,212209238,217722213.16,14040,5527015.16,
2025-12-08,213627334.57,221804175.65,28720,8205561.08,
2025-12-09,243026921.85,251343530.17,50490,8367098.32,
2025-12-10,246252416.88,253665023.92,291500,7704107.04,
2025-12-11,247831081.760001,255464973.120001,87660,7721551.36,
2025-12-12,247644793.94,255462948.18,34450,7852604.24,
2025-12-13,233751022.349999,242167292.029999,12260,8428529.68,
2025-12-14,216283713.219999,222327085.739999,961690,7005062.52,
2025-12-15,243865552.409999,250746519.739999,302760,7183727.33,
2025-12-16,245360510.99,252920894.23,12160,7572543.24,
2025-12-17,245735482.659999,250991592.829999,16450,5274511.26,1951.09
2025-12-18,246879124.1,251970866.36,467000,5558742.26,
2025-12-19,245619870.77,252262250.71,14690,6657069.94,
2025-12-20,230050934.12,236324571.13,196740,6470377.01,
2025-12-21,215073609.27,222539824.21,69080,7535294.94,
2025-12-22,237321485.94,244244712.32,144740,7067966.38,
2025-12-23,238948116.83,245886173.04,12300,6950356.21,
2025-12-24,222250245.84,229826862.6,30840,7607456.76,
2025-12-25,197106468.05,204275487.51,7200,7176219.46,
2025-12-26,224079216.69,231272546.8,5720,7199050.11,
2025-12-27,223834624.85,230951963.52,13410,7130748.67,
2025-12-28,212246778.76,219116163.26,99200,6968584.5,
2025-12-29,230973077.53,237928058.39,9690,6964670.86,
2025-12-30,229474925.63,236755298.31,15320,7295692.68,
2025-12-31,215154109.94,222507886.75,1120,7354896.81,
