Fecha,Periodo,CodigoDuracion,MercadoComercializacionOperativo,DemandaAtendida,PronDem
2026-02-06,1,PT1H,MC-ArgosTol,6356.54,5890.0
2026-02-06,2,PT1H,MC-ArgosTol,8264.89,5890.0
2026-02-06,3,PT1H,MC-ArgosTol,8280.73,5890.0
2026-02-06,4,PT1H,MC-ArgosTol,8188.78,5890.0
2026-02-06,5,PT1H,MC-ArgosTol,8136.93,5890.0
2026-02-06,6,PT1H,MC-ArgosTol,8148.67,5890.0
2026-02-06,7,PT1H,MC-ArgosTol,8189.58,5890.0
2026-02-06,8,PT1H,MC-ArgosTol,8292.71,5890.0
2026-02-06,9,PT1H,MC-ArgosTol,6943.76,5890.0
2026-02-06,10,PT1H,MC-ArgosTol,6609.39,5890.0
2026-02-06,11,PT1H,MC-ArgosTol,6623.46,5890.0
2026-02-06,12,PT1H,MC-ArgosTol,6535.25,5890.0
2026-02-06,13,PT1H,MC-ArgosTol,8077.94,5890.0
2026-02-06,14,PT1H,MC-ArgosTol,6649.61,5890.0
2026-02-06,15,PT1H,MC-ArgosTol,5808.62,5890.0
2026-02-06,16,PT1H,MC-ArgosTol,7388.88,5890.0
2026-02-06,17,PT1H,MC-ArgosTol,8237.95,5890.0
2026-02-06,18,PT1H,MC-ArgosTol,8238.93,5890.0
2026-02-06,19,PT1H,MC-ArgosTol,8364.61,5890.0
2026-02-06,20,PT1H,MC-ArgosTol,8399.8,5890.0
2026-02-06,21,PT1H,MC-ArgosTol,8331.58,5890.0
2026-02-06,22,PT1H,MC-ArgosTol,8334.63,5890.0
2026-02-06,23,PT1H,MC-ArgosTol,8253.26,5890.0
2026-02-06,24,PT1H,MC-ArgosTol,8172.09,5890.0
2026-02-13,1,PT1H,MC-ArgosTol,5233.03,5720.0
2026-02-13,2,PT1H,MC-ArgosTol,5082.74,5720.0
2026-02-13,3,PT1H,MC-ArgosTol,5143.24,5720.0
2026-02-13,4,PT1H,MC-ArgosTol,5125.69,5720.0
2026-02-13,5,PT1H,MC-ArgosTol,5136.18,5720.0
2026-02-13,6,PT1H,MC-ArgosTol,5370.75,5720.0
2026-02-13,7,PT1H,MC-ArgosTol,6307.11,5720.0
2026-02-13,8,PT1H,MC-ArgosTol,6390.55,5720.0
2026-02-13,9,PT1H,MC-ArgosTol,6596.51,5720.0
2026-02-13,10,PT1H,MC-ArgosTol,6899.0,5720.0
2026-02-13,11,PT1H,MC-ArgosTol,6941.36,5720.0
2026-02-13,12,PT1H,MC-ArgosTol,6789.65,5720.0
2026-02-13,13,PT1H,MC-ArgosTol,6491.39,5720.0
2026-02-13,14,PT1H,MC-ArgosTol,5569.08,5720.0
2026-02-13,15,PT1H,MC-ArgosTol,5303.91,5720.0
2026-02-13,16,PT1H,MC-ArgosTol,5205.22,5720.0
2026-02-13,17,PT1H,MC-ArgosTol,5205.55,5720.0
2026-02-13,18,PT1H,MC-ArgosTol,5176.1,5720.0
2026-02-13,19,PT1H,MC-ArgosTol,6157.95,5720.0
2026-02-13,20,PT1H,MC-ArgosTol,6372.48,5720.0
2026-02-13,21,PT1H,MC-ArgosTol,6428.05,5720.0
2026-02-13,22,PT1H,MC-ArgosTol,6300.39,5720.0
2026-02-13,23,PT1H,MC-ArgosTol,6296.29,5720.0
2026-02-13,24,PT1H,MC-ArgosTol,6392.23,5720.0
2026-01-02,1,PT1H,MC-ArgosTol,6823.45,6217.0
2026-01-02,2,PT1H,MC-ArgosTol,6624.17,6238.5
2026-01-02,3,PT1H,MC-ArgosTol,5601.58,6244.0
2026-01-02,4,PT1H,MC-ArgosTol,5605.35,6375.5
2026-01-02,5,PT1H,MC-ArgosTol,5659.3,6257.5
2026-01-02,6,PT1H,MC-ArgosTol,5553.14,6130.5
2026-01-02,7,PT1H,MC-ArgosTol,5596.23,6291.5
2026-01-02,8,PT1H,MC-ArgosTol,5821.53,6364.0
2026-01-02,9,PT1H,MC-ArgosTol,6161.46,6425.5
2026-01-02,10,PT1H,MC-ArgosTol,6232.46,6545.0
2026-01-02,11,PT1H,MC-ArgosTol,6079.49,6982.0
2026-01-02,12,PT1H,MC-ArgosTol,6262.78,8316.5
2026-01-02,13,PT1H,MC-ArgosTol,6366.59,8370.5
2026-01-02,14,PT1H,MC-ArgosTol,6364.79,8569.5
2026-01-02,15,PT1H,MC-ArgosTol,6184.56,8319.5
2026-01-02,16,PT1H,MC-ArgosTol,5731.77,8386.5
2026-01-02,17,PT1H,MC-ArgosTol,3878.34,8415.0
2026-01-02,18,PT1H,MC-ArgosTol,4039.66,7175.5
2026-01-02,19,PT1H,MC-ArgosTol,4073.06,7322.0
2026-01-02,20,PT1H,MC-ArgosTol,3552.51,7368.5
2026-01-02,21,PT1H,MC-ArgosTol,3904.47,7326.0
2026-01-02,22,PT1H,MC-ArgosTol,5504.69,7814.0
2026-01-02,23,PT1H,MC-ArgosTol,5673.54,7786.0
2026-01-02,24,PT1H,MC-ArgosTol,5663.58,7526.0
2026-01-20,1,PT1H,MC-ArgosTol,5057.67,6072.0
2026-01-20,2,PT1H,MC-ArgosTol,5908.27,6072.0
2026-01-20,3,PT1H,MC-ArgosTol,7250.51,6072.0
2026-01-20,4,PT1H,MC-ArgosTol,7214.91,6072.0
2026-01-20,5,PT1H,MC-ArgosTol,7105.04,6072.0
2026-01-20,6,PT1H,MC-ArgosTol,7076.75,6072.0
2026-01-20,7,PT1H,MC-ArgosTol,6965.3,6072.0
2026-01-20,8,PT1H,MC-ArgosTol,7126.81,6072.0
2026-01-20,9,PT1H,MC-ArgosTol,7986.31,6072.0
2026-01-20,10,PT1H,MC-ArgosTol,9010.29,6072.0
2026-01-20,11,PT1H,MC-ArgosTol,9068.06,6072.0
2026-01-20,12,PT1H,MC-ArgosTol,9083.25,6072.0
2026-01-20,13,PT1H,MC-ArgosTol,10121.15,6072.0
2026-01-20,14,PT1H,MC-ArgosTol,10405.24,6072.0
2026-01-20,15,PT1H,MC-ArgosTol,10257.48,6072.0
2026-01-20,16,PT1H,MC-ArgosTol,10284.94,6072.0
2026-01-20,17,PT1H,MC-ArgosTol,11227.71,6072.0
2026-01-20,18,PT1H,MC-ArgosTol,11236.58,6072.0
2026-01-20,19,PT1H,MC-ArgosTol,11279.33,6072.0
2026-01-20,20,PT1H,MC-ArgosTol,11282.79,6072.0
2026-01-20,21,PT1H,MC-ArgosTol,11237.52,6072.0
2026-01-20,22,PT1H,MC-ArgosTol,11259.52,6072.0
2026-01-20,23,PT1H,MC-ArgosTol,11166.64,6072.0
2026-01-20,24,PT1H,MC-ArgosTol,8703.72,6072.0
2026-02-23,1,PT1H,MC-ArgosTol,3699.15,5381.0
2026-02-23,2,PT1H,MC-ArgosTol,3726.94,5381.0
2026-02-23,3,PT1H,MC-ArgosTol,2831.44,5381.0
2026-02-23,4,PT1H,MC-ArgosTol,2502.59,5381.0
2026-02-23,5,PT1H,MC-ArgosTol,2477.39,5381.0
2026-02-23,6,PT1H,MC-ArgosTol,2489.95,5381.0
2026-02-23,7,PT1H,MC-ArgosTol,3614.01,5381.0
2026-02-23,8,PT1H,MC-ArgosTol,3734.8,5381.0
2026-02-23,9,PT1H,MC-ArgosTol,3491.08,5381.0
2026-02-23,10,PT1H,MC-ArgosTol,2551.6,5381.0
2026-02-23,11,PT1H,MC-ArgosTol,3660.56,5381.0
2026-02-23,12,PT1H,MC-ArgosTol,4132.36,5381.0
2026-02-23,13,PT1H,MC-ArgosTol,3859.74,5381.0
2026-02-23,14,PT1H,MC-ArgosTol,3781.97,5381.0
2026-02-23,15,PT1H,MC-ArgosTol,3754.2,5381.0
2026-02-23,16,PT1H,MC-ArgosTol,3805.54,5381.0
2026-02-23,17,PT1H,MC-ArgosTol,3897.43,5381.0
2026-02-23,18,PT1H,MC-ArgosTol,3916.57,5381.0
2026-02-23,19,PT1H,MC-ArgosTol,3906.36,5381.0
2026-02-23,20,PT1H,MC-ArgosTol,3853.03,5381.0
2026-02-23,21,PT1H,MC-ArgosTol,3831.48,5381.0
2026-02-23,22,PT1H,MC-ArgosTol,3870.37,5381.0
2026-02-23,23,PT1H,MC-ArgosTol,3718.02,5381.0
2026-02-23,24,PT1H,MC-ArgosTol,2662.43,5381.0
2026-01-24,1,PT1H,MC-ArgosTol,8768.71,5970.0
2026-01-24,2,PT1H,MC-ArgosTol,8487.41,5970.0
2026-01-24,3,PT1H,MC-ArgosTol,7708.73,5970.0
2026-01-24,4,PT1H,MC-ArgosTol,8055.39,5970.0
2026-01-24,5,PT1H,MC-ArgosTol,8036.76,5970.0
2026-01-24,6,PT1H,MC-ArgosTol,7971.01,5970.0
2026-01-24,7,PT1H,MC-ArgosTol,9126.08,5970.0
2026-01-24,8,PT1H,MC-ArgosTol,9348.14,5970.0
2026-01-24,9,PT1H,MC-ArgosTol,9703.21,5970.0
2026-01-24,10,PT1H,MC-ArgosTol,9848.18,5970.0
2026-01-24,11,PT1H,MC-ArgosTol,9623.87,5970.0
2026-01-24,12,PT1H,MC-ArgosTol,9642.57,5970.0
2026-01-24,13,PT1H,MC-ArgosTol,8415.73,5970.0
2026-01-24,14,PT1H,MC-ArgosTol,7707.92,5970.0
2026-01-24,15,PT1H,MC-ArgosTol,7292.24,5970.0
2026-01-24,16,PT1H,MC-ArgosTol,6925.02,5970.0
2026-01-24,17,PT1H,MC-ArgosTol,6935.85,5970.0
2026-01-24,18,PT1H,MC-ArgosTol,6908.4,5970.0
2026-01-24,19,PT1H,MC-ArgosTol,7720.64,5970.0
2026-01-24,20,PT1H,MC-ArgosTol,8132.25,5970.0
2026-01-24,21,PT1H,MC-ArgosTol,8138.01,5970.0
2026-01-24,22,PT1H,MC-ArgosTol,8132.69,5970.0
2026-01-24,23,PT1H,MC-ArgosTol,7562.11,5970.0
2026-01-24,24,PT1H,MC-ArgosTol,5543.33,5970.0
2026-02-25,1,PT1H,MC-ArgosTol,3962.42,5629.0
2026-02-25,2,PT1H,MC-ArgosTol,4119.33,5629.0
2026-02-25,3,PT1H,MC-ArgosTol,5181.71,5629.0
2026-02-25,4,PT1H,MC-ArgosTol,5126.84,5629.0
2026-02-25,5,PT1H,MC-ArgosTol,5146.36,5629.0
2026-02-25,6,PT1H,MC-ArgosTol,5749.69,5629.0
2026-02-25,7,PT1H,MC-ArgosTol,6396.27,5629.0
2026-02-25,8,PT1H,MC-ArgosTol,6383.36,5629.0
2026-02-25,9,PT1H,MC-ArgosTol,6365.08,5629.0
2026-02-25,10,PT1H,MC-ArgosTol,6299.95,5629.0
2026-02-25,11,PT1H,MC-ArgosTol,6390.06,5629.0
2026-02-25,12,PT1H,MC-ArgosTol,6429.94,5629.0
2026-02-25,13,PT1H,MC-ArgosTol,6406.82,5629.0
2026-02-25,14,PT1H,MC-ArgosTol,6490.68,5629.0
2026-02-25,15,PT1H,MC-ArgosTol,6486.53,5629.0
2026-02-25,16,PT1H,MC-ArgosTol,6157.67,5629.0
2026-02-25,17,PT1H,MC-ArgosTol,6555.32,5629.0
2026-02-25,18,PT1H,MC-ArgosTol,6565.72,5629.0
2026-02-25,19,PT1H,MC-ArgosTol,6576.76,5629.0
2026-02-25,20,PT1H,MC-ArgosTol,6570.15,5629.0
2026-02-25,21,PT1H,MC-ArgosTol,6512.9,5629.0
2026-02-25,22,PT1H,MC-ArgosTol,6486.5,5629.0
2026-02-25,23,PT1H,MC-ArgosTol,6508.42,5629.0
2026-02-25,24,PT1H,MC-ArgosTol,6519.97,5629.0
2026-01-15,1,PT1H,MC-ArgosTol,6175.3,5840.0
2026-01-15,2,PT1H,MC-ArgosTol,6158.83,5840.0
2026-01-15,3,PT1H,MC-ArgosTol,6163.12,5840.0
2026-01-15,4,PT1H,MC-ArgosTol,6223.01,5840.0
2026-01-15,5,PT1H,MC-ArgosTol,6233.92,5840.0
2026-01-15,6,PT1H,MC-ArgosTol,6258.42,5840.0
2026-01-15,7,PT1H,MC-ArgosTol,5258.09,5840.0
2026-01-15,8,PT1H,MC-ArgosTol,5306.61,5840.0
2026-01-15,9,PT1H,MC-ArgosTol,6485.46,5840.0
2026-01-15,10,PT1H,MC-ArgosTol,7524.95,5840.0
2026-01-15,11,PT1H,MC-ArgosTol,7502.24,5840.0
2026-01-15,12,PT1H,MC-ArgosTol,7432.09,5840.0
2026-01-15,13,PT1H,MC-ArgosTol,7286.2,5840.0
2026-01-15,14,PT1H,MC-ArgosTol,7907.64,5840.0
2026-01-15,15,PT1H,MC-ArgosTol,7228.76,5840.0
2026-01-15,16,PT1H,MC-ArgosTol,4836.65,5840.0
2026-01-15,17,PT1H,MC-ArgosTol,4862.77,5840.0
2026-01-15,18,PT1H,MC-ArgosTol,5136.11,5840.0
2026-01-15,19,PT1H,MC-ArgosTol,4891.73,5840.0
2026-01-15,20,PT1H,MC-ArgosTol,5177.4,5840.0
2026-01-15,21,PT1H,MC-ArgosTol,4932.79,5840.0
2026-01-15,22,PT1H,MC-ArgosTol,5005.49,5840.0
2026-01-15,23,PT1H,MC-ArgosTol,4717.3,5840.0
2026-01-15,24,PT1H,MC-ArgosTol,4457.96,5840.0
2026-02-28,1,PT1H,MC-ArgosTol,5644.32,5475.0
2026-02-28,2,PT1H,MC-ArgosTol,4496.66,5475.0
2026-02-28,3,PT1H,MC-ArgosTol,4393.18,5475.0
2026-02-28,4,PT1H,MC-ArgosTol,4456.44,5475.0
2026-02-28,5,PT1H,MC-ArgosTol,4439.13,5475.0
2026-02-28,6,PT1H,MC-ArgosTol,4451.78,5475.0
2026-02-28,7,PT1H,MC-ArgosTol,5137.95,5475.0
2026-02-28,8,PT1H,MC-ArgosTol,5522.26,5475.0
2026-02-28,9,PT1H,MC-ArgosTol,5623.78,5475.0
2026-02-28,10,PT1H,MC-ArgosTol,5599.89,5475.0
2026-02-28,11,PT1H,MC-ArgosTol,5701.56,5475.0
2026-02-28,12,PT1H,MC-ArgosTol,5701.69,5475.0
2026-02-28,13,PT1H,MC-ArgosTol,5658.77,5475.0
2026-02-28,14,PT1H,MC-ArgosTol,5641.48,5475.0
2026-02-28,15,PT1H,MC-ArgosTol,5625.79,5475.0
2026-02-28,16,PT1H,MC-ArgosTol,5697.57,5475.0
2026-02-28,17,PT1H,MC-ArgosTol,5704.86,5475.0
2026-02-28,18,PT1H,MC-ArgosTol,5634.93,5475.0
2026-02-28,19,PT1H,MC-ArgosTol,5596.73,5475.0
2026-02-28,20,PT1H,MC-ArgosTol,5711.11,5475.0
2026-02-28,21,PT1H,MC-ArgosTol,5698.37,5475.0
2026-02-28,22,PT1H,MC-ArgosTol,5578.31,5475.0
2026-02-28,23,PT1H,MC-ArgosTol,5526.64,5475.0
2026-02-28,24,PT1H,MC-ArgosTol,5355.99,5475.0
2026-02-09,11,PT1H,MC-ArgosTol,4229.97,5589.0
2026-02-09,12,PT1H,MC-ArgosTol,4248.23,5589.0
2026-02-09,13,PT1H,MC-ArgosTol,4195.67,5589.0
2026-02-09,14,PT1H,MC-ArgosTol,4220.21,5589.0
2026-02-09,15,PT1H,MC-ArgosTol,4027.92,5589.0
2026-02-09,16,PT1H,MC-ArgosTol,3440.77,5589.0
2026-02-09,17,PT1H,MC-ArgosTol,4031.78,5589.0
2026-02-09,18,PT1H,MC-ArgosTol,3877.57,5589.0
2026-02-09,19,PT1H,MC-ArgosTol,3984.22,5589.0
2026-02-09,20,PT1H,MC-ArgosTol,3969.8,5589.0
2026-02-09,21,PT1H,MC-ArgosTol,4024.12,5589.0
2026-02-09,22,PT1H,MC-ArgosTol,3924.2,5589.0
2026-02-09,23,PT1H,MC-ArgosTol,3853.06,5589.0
2026-02-09,24,PT1H,MC-ArgosTol,3777.12,5589.0
2026-02-09,1,PT1H,MC-ArgosTol,2530.73,5589.0
2026-02-09,2,PT1H,MC-ArgosTol,3630.37,5589.0
2026-02-09,3,PT1H,MC-ArgosTol,3650.38,5589.0
2026-02-09,4,PT1H,MC-ArgosTol,3651.24,5589.0
2026-02-09,5,PT1H,MC-ArgosTol,3701.77,5589.0
2026-02-09,6,PT1H,MC-ArgosTol,3751.33,5589.0
2026-02-09,7,PT1H,MC-ArgosTol,3775.67,5589.0
2026-02-09,8,PT1H,MC-ArgosTol,3787.15,5589.0
2026-02-09,9,PT1H,MC-ArgosTol,3806.14,5589.0
2026-02-09,10,PT1H,MC-ArgosTol,4197.5,5589.0
2026-01-16,1,PT1H,MC-ArgosTol,4498.14,4820.0
2026-01-16,2,PT1H,MC-ArgosTol,5102.5,4820.0
2026-01-16,3,PT1H,MC-ArgosTol,5704.01,4820.0
2026-01-16,4,PT1H,MC-ArgosTol,5717.72,4820.0
2026-01-16,5,PT1H,MC-ArgosTol,5766.45,4820.0
2026-01-16,6,PT1H,MC-ArgosTol,5831.02,4820.0
2026-01-16,7,PT1H,MC-ArgosTol,5774.37,4820.0
2026-01-16,8,PT1H,MC-ArgosTol,5750.41,4820.0
2026-01-16,9,PT1H,MC-ArgosTol,6323.92,4820.0
2026-01-16,10,PT1H,MC-ArgosTol,6606.23,4820.0
2026-01-16,11,PT1H,MC-ArgosTol,6601.28,4820.0
2026-01-16,12,PT1H,MC-ArgosTol,6517.81,4820.0
2026-01-16,13,PT1H,MC-ArgosTol,6308.3,4820.0
2026-01-16,14,PT1H,MC-ArgosTol,6303.38,4820.0
2026-01-16,15,PT1H,MC-ArgosTol,6088.82,4820.0
2026-01-16,16,PT1H,MC-ArgosTol,5693.9,4820.0
2026-01-16,17,PT1H,MC-ArgosTol,4990.58,4820.0
2026-01-16,18,PT1H,MC-ArgosTol,5003.73,4820.0
2026-01-16,19,PT1H,MC-ArgosTol,5081.87,4820.0
2026-01-16,20,PT1H,MC-ArgosTol,5041.73,4820.0
2026-01-16,21,PT1H,MC-ArgosTol,4944.2,4820.0
2026-01-16,22,PT1H,MC-ArgosTol,4282.07,4820.0
2026-01-16,23,PT1H,MC-ArgosTol,4754.05,4820.0
2026-01-16,24,PT1H,MC-ArgosTol,4665.98,4820.0
2026-02-12,1,PT1H,MC-ArgosTol,3299.62,5632.0
2026-02-12,2,PT1H,MC-ArgosTol,4377.07,5632.0
2026-02-12,3,PT1H,MC-ArgosTol,4403.71,5632.0
2026-02-12,4,PT1H,MC-ArgosTol,4380.49,5632.0
2026-02-12,5,PT1H,MC-ArgosTol,4376.0,5632.0
2026-02-12,6,PT1H,MC-ArgosTol,4370.47,5632.0
2026-02-12,7,PT1H,MC-ArgosTol,5099.66,5632.0
2026-02-12,8,PT1H,MC-ArgosTol,5610.89,5632.0
2026-02-12,9,PT1H,MC-ArgosTol,5600.54,5632.0
2026-02-12,10,PT1H,MC-ArgosTol,6428.55,5632.0
2026-02-12,11,PT1H,MC-ArgosTol,7557.44,5632.0
2026-02-12,12,PT1H,MC-ArgosTol,8799.43,5632.0
2026-02-12,13,PT1H,MC-ArgosTol,8546.83,5632.0
2026-02-12,14,PT1H,MC-ArgosTol,8678.86,5632.0
2026-02-12,15,PT1H,MC-ArgosTol,8735.48,5632.0
2026-02-12,16,PT1H,MC-ArgosTol,8566.94,5632.0
2026-02-12,17,PT1H,MC-ArgosTol,8515.16,5632.0
2026-02-12,18,PT1H,MC-ArgosTol,8159.68,5632.0
2026-02-12,19,PT1H,MC-ArgosTol,8155.24,5632.0
2026-02-12,20,PT1H,MC-ArgosTol,8124.27,5632.0
2026-02-12,21,PT1H,MC-ArgosTol,8259.1,5632.0
2026-02-12,22,PT1H,MC-ArgosTol,8244.09,5632.0
2026-02-12,23,PT1H,MC-ArgosTol,8105.59,5632.0
2026-02-12,24,PT1H,MC-ArgosTol,7977.51,5632.0
2026-02-10,1,PT1H,MC-ArgosTol,3737.91,5545.0
2026-02-10,2,PT1H,MC-ArgosTol,3736.0,5545.0
2026-02-10,3,PT1H,MC-ArgosTol,3710.65,5545.0
2026-02-10,4,PT1H,MC-ArgosTol,3683.19,5545.0
2026-02-10,5,PT1H,MC-ArgosTol,3763.01,5545.0
2026-02-10,6,PT1H,MC-ArgosTol,3763.43,5545.0
2026-02-10,7,PT1H,MC-ArgosTol,3734.9,5545.0
2026-02-10,8,PT1H,MC-ArgosTol,3796.01,5545.0
2026-02-10,9,PT1H,MC-ArgosTol,4089.03,5545.0
2026-02-10,10,PT1H,MC-ArgosTol,3840.57,5545.0
2026-02-10,11,PT1H,MC-ArgosTol,3887.9,5545.0
2026-02-10,12,PT1H,MC-ArgosTol,4230.12,5545.0
2026-02-10,13,PT1H,MC-ArgosTol,4145.01,5545.0
2026-02-10,14,PT1H,MC-ArgosTol,4286.79,5545.0
2026-02-10,15,PT1H,MC-ArgosTol,4222.45,5545.0
2026-02-10,16,PT1H,MC-ArgosTol,4070.57,5545.0
2026-02-10,17,PT1H,MC-ArgosTol,4020.6,5545.0
2026-02-10,18,PT1H,MC-ArgosTol,3974.76,5545.0
2026-02-10,19,PT1H,MC-ArgosTol,3995.91,5545.0
2026-02-10,20,PT1H,MC-ArgosTol,4056.19,5545.0
2026-02-10,21,PT1H,MC-ArgosTol,4127.22,5545.0
2026-02-10,22,PT1H,MC-ArgosTol,4040.99,5545.0
2026-02-10,23,PT1H,MC-ArgosTol,3920.26,5545.0
2026-02-10,24,PT1H,MC-ArgosTol,3812.93,5545.0
2026-01-22,1,PT1H,MC-ArgosTol,6274.26,5968.0
2026-01-22,2,PT1H,MC-ArgosTol,6305.42,5968.0
2026-01-22,3,PT1H,MC-ArgosTol,6457.88,5968.0
2026-01-22,4,PT1H,MC-ArgosTol,6497.46,5968.0
2026-01-22,5,PT1H,MC-ArgosTol,6499.13,5968.0
2026-01-22,6,PT1H,MC-ArgosTol,6489.87,5968.0
2026-01-22,7,PT1H,MC-ArgosTol,6460.86,5968.0
2026-01-22,8,PT1H,MC-ArgosTol,6549.28,5968.0
2026-01-22,9,PT1H,MC-ArgosTol,6583.37,5968.0
2026-01-22,10,PT1H,MC-ArgosTol,6730.57,5968.0
2026-01-22,11,PT1H,MC-ArgosTol,6780.84,5968.0
2026-01-22,12,PT1H,MC-ArgosTol,6808.86,5968.0
2026-01-22,13,PT1H,MC-ArgosTol,7352.19,5968.0
2026-01-22,14,PT1H,MC-ArgosTol,9059.58,5968.0
2026-01-22,15,PT1H,MC-ArgosTol,9952.17,5968.0
2026-01-22,16,PT1H,MC-ArgosTol,9533.72,5968.0
2026-01-22,17,PT1H,MC-ArgosTol,8813.25,5968.0
2026-01-22,18,PT1H,MC-ArgosTol,8707.13,5968.0
2026-01-22,19,PT1H,MC-ArgosTol,8816.81,5968.0
2026-01-22,20,PT1H,MC-ArgosTol,10001.22,5968.0
2026-01-22,21,PT1H,MC-ArgosTol,9411.69,5968.0
2026-01-22,22,PT1H,MC-ArgosTol,9792.22,5968.0
2026-01-22,23,PT1H,MC-ArgosTol,10233.38,5968.0
2026-01-22,24,PT1H,MC-ArgosTol,9476.0,5968.0
2026-02-14,1,PT1H,MC-ArgosTol,6435.24,3457.0
2026-02-14,2,PT1H,MC-ArgosTol,6387.55,3457.0
2026-02-14,3,PT1H,MC-ArgosTol,6354.48,3457.0
2026-02-14,4,PT1H,MC-ArgosTol,6371.17,3457.0
2026-02-14,5,PT1H,MC-ArgosTol,6355.45,3457.0
2026-02-14,6,PT1H,MC-ArgosTol,6364.57,3457.0
2026-02-14,7,PT1H,MC-ArgosTol,6277.29,3457.0
2026-02-14,8,PT1H,MC-ArgosTol,6281.49,3457.0
2026-02-14,9,PT1H,MC-ArgosTol,4940.11,3457.0
2026-02-14,10,PT1H,MC-ArgosTol,5689.57,3457.0
2026-02-14,11,PT1H,MC-ArgosTol,6402.17,3457.0
2026-02-14,12,PT1H,MC-ArgosTol,6498.7,3457.0
2026-02-14,13,PT1H,MC-ArgosTol,6507.96,3457.0
2026-02-14,14,PT1H,MC-ArgosTol,5679.36,3457.0
2026-02-14,15,PT1H,MC-ArgosTol,4060.6,3457.0
2026-02-14,16,PT1H,MC-ArgosTol,4020.19,3457.0
2026-02-14,17,PT1H,MC-ArgosTol,4498.01,3457.0
2026-02-14,18,PT1H,MC-ArgosTol,5062.45,3457.0
2026-02-14,19,PT1H,MC-ArgosTol,5950.6,3457.0
2026-02-14,20,PT1H,MC-ArgosTol,6255.77,3457.0
2026-02-14,21,PT1H,MC-ArgosTol,6380.65,3457.0
2026-02-14,22,PT1H,MC-ArgosTol,6337.64,3457.0
2026-02-14,23,PT1H,MC-ArgosTol,6299.37,3457.0
2026-02-14,24,PT1H,MC-ArgosTol,4427.3,3457.0
2026-01-10,1,PT1H,MC-ArgosTol,7360.89,6939.5
2026-01-10,2,PT1H,MC-ArgosTol,9331.25,6980.2
2026-01-10,3,PT1H,MC-ArgosTol,9343.48,6976.1
2026-01-10,4,PT1H,MC-ArgosTol,9488.18,6994.1
2026-01-10,5,PT1H,MC-ArgosTol,9522.94,6984.3
2026-01-10,6,PT1H,MC-ArgosTol,9448.96,6988.4
2026-01-10,7,PT1H,MC-ArgosTol,9395.02,6875.3
2026-01-10,8,PT1H,MC-ArgosTol,9328.32,6968.4
2026-01-10,9,PT1H,MC-ArgosTol,9375.19,6788.3
2026-01-10,10,PT1H,MC-ArgosTol,9813.32,7731.1
2026-01-10,11,PT1H,MC-ArgosTol,9758.82,7671.5
2026-01-10,12,PT1H,MC-ArgosTol,9889.6,7688.9
2026-01-10,13,PT1H,MC-ArgosTol,9679.53,7704.5
2026-01-10,14,PT1H,MC-ArgosTol,9669.99,7704.5
2026-01-10,15,PT1H,MC-ArgosTol,9790.98,7320.2
2026-01-10,16,PT1H,MC-ArgosTol,9374.65,7731.1
2026-01-10,17,PT1H,MC-ArgosTol,9409.85,7671.5
2026-01-10,18,PT1H,MC-ArgosTol,9390.36,7688.9
2026-01-10,19,PT1H,MC-ArgosTol,7332.42,7704.5
2026-01-10,20,PT1H,MC-ArgosTol,6979.77,6914.9
2026-01-10,21,PT1H,MC-ArgosTol,7120.24,6432.8
2026-01-10,22,PT1H,MC-ArgosTol,7115.26,6421.3
2026-01-10,23,PT1H,MC-ArgosTol,7019.7,6528.5
2026-01-10,24,PT1H,MC-ArgosTol,6937.84,6446.9
2026-01-31,1,PT1H,MC-ArgosTol,3253.96,5966.0
2026-01-31,2,PT1H,MC-ArgosTol,3214.46,5966.0
2026-01-31,3,PT1H,MC-ArgosTol,3226.67,5966.0
2026-01-31,4,PT1H,MC-ArgosTol,3208.58,5966.0
2026-01-31,5,PT1H,MC-ArgosTol,3226.63,5966.0
2026-01-31,6,PT1H,MC-ArgosTol,3260.87,5966.0
2026-01-31,7,PT1H,MC-ArgosTol,3239.8,5966.0
2026-01-31,8,PT1H,MC-ArgosTol,3337.87,5966.0
2026-01-31,9,PT1H,MC-ArgosTol,3419.1,5966.0
2026-01-31,10,PT1H,MC-ArgosTol,3349.95,5966.0
2026-01-31,11,PT1H,MC-ArgosTol,3330.15,5966.0
2026-01-31,12,PT1H,MC-ArgosTol,3373.14,5966.0
2026-01-31,13,PT1H,MC-ArgosTol,3401.19,5966.0
2026-01-31,14,PT1H,MC-ArgosTol,3437.41,5966.0
2026-01-31,15,PT1H,MC-ArgosTol,3363.16,5966.0
2026-01-31,16,PT1H,MC-ArgosTol,3351.49,5966.0
2026-01-31,17,PT1H,MC-ArgosTol,3362.67,5966.0
2026-01-31,18,PT1H,MC-ArgosTol,3343.59,5966.0
2026-01-31,19,PT1H,MC-ArgosTol,3358.23,5966.0
2026-01-31,20,PT1H,MC-ArgosTol,3384.82,5966.0
2026-01-31,21,PT1H,MC-ArgosTol,3354.23,5966.0
2026-01-31,22,PT1H,MC-ArgosTol,3354.47,5966.0
2026-01-31,23,PT1H,MC-ArgosTol,2846.37,5966.0
2026-01-31,24,PT1H,MC-ArgosTol,665.8,5966.0
2026-01-01,1,PT1H,MC-ArgosTol,4914.94,5257.0
2026-01-01,2,PT1H,MC-ArgosTol,4432.82,5003.0
2026-01-01,3,PT1H,MC-ArgosTol,4421.35,4039.0
2026-01-01,4,PT1H,MC-ArgosTol,4528.52,4155.5
2026-01-01,5,PT1H,MC-ArgosTol,4446.95,5509.0
2026-01-01,6,PT1H,MC-ArgosTol,4425.29,5425.5
2026-01-01,7,PT1H,MC-ArgosTol,6522.33,5127.0
2026-01-01,8,PT1H,MC-ArgosTol,6830.35,5789.0
2026-01-01,9,PT1H,MC-ArgosTol,6830.15,5865.0
2026-01-01,10,PT1H,MC-ArgosTol,6087.63,5743.0
2026-01-01,11,PT1H,MC-ArgosTol,6736.8,5425.5
2026-01-01,12,PT1H,MC-ArgosTol,6832.09,5127.0
2026-01-01,13,PT1H,MC-ArgosTol,6848.39,5789.0
2026-01-01,14,PT1H,MC-ArgosTol,6822.46,5865.0
2026-01-01,15,PT1H,MC-ArgosTol,6831.89,5743.0
2026-01-01,16,PT1H,MC-ArgosTol,6872.67,5257.0
2026-01-01,17,PT1H,MC-ArgosTol,6874.54,5425.5
2026-01-01,18,PT1H,MC-ArgosTol,6806.18,5127.0
2026-01-01,19,PT1H,MC-ArgosTol,6815.89,5789.0
2026-01-01,20,PT1H,MC-ArgosTol,6893.16,5865.0
2026-01-01,21,PT1H,MC-ArgosTol,6908.25,5743.0
2026-01-01,22,PT1H,MC-ArgosTol,6862.79,5425.5
2026-01-01,23,PT1H,MC-ArgosTol,6816.37,5127.0
2026-01-01,24,PT1H,MC-ArgosTol,6851.64,5419.0
2026-02-11,1,PT1H,MC-ArgosTol,2646.41,5506.0
2026-02-11,2,PT1H,MC-ArgosTol,2577.54,5506.0
2026-02-11,3,PT1H,MC-ArgosTol,2603.66,5506.0
2026-02-11,4,PT1H,MC-ArgosTol,2594.91,5506.0
2026-02-11,5,PT1H,MC-ArgosTol,2605.12,5506.0
2026-02-11,6,PT1H,MC-ArgosTol,2657.25,5506.0
2026-02-11,7,PT1H,MC-ArgosTol,3781.06,5506.0
2026-02-11,8,PT1H,MC-ArgosTol,3825.21,5506.0
2026-02-11,9,PT1H,MC-ArgosTol,4105.66,5506.0
2026-02-11,10,PT1H,MC-ArgosTol,4419.2,5506.0
2026-02-11,11,PT1H,MC-ArgosTol,4352.85,5506.0
2026-02-11,12,PT1H,MC-ArgosTol,4403.58,5506.0
2026-02-11,13,PT1H,MC-ArgosTol,2723.98,5506.0
2026-02-11,14,PT1H,MC-ArgosTol,1063.9,5506.0
2026-02-11,15,PT1H,MC-ArgosTol,2742.47,5506.0
2026-02-11,16,PT1H,MC-ArgosTol,3034.75,5506.0
2026-02-11,17,PT1H,MC-ArgosTol,3375.13,5506.0
2026-02-11,18,PT1H,MC-ArgosTol,3853.0,5506.0
2026-02-11,19,PT1H,MC-ArgosTol,3889.18,5506.0
2026-02-11,20,PT1H,MC-ArgosTol,3878.78,5506.0
2026-02-11,21,PT1H,MC-ArgosTol,3859.67,5506.0
2026-02-11,22,PT1H,MC-ArgosTol,3968.09,5506.0
2026-02-11,23,PT1H,MC-ArgosTol,3915.81,5506.0
2026-02-11,24,PT1H,MC-ArgosTol,3757.1,5506.0
2026-02-05,1,PT1H,MC-ArgosTol,5360.65,6156.0
2026-02-05,2,PT1H,MC-ArgosTol,5676.87,6156.0
2026-02-05,3,PT1H,MC-ArgosTol,5724.11,6156.0
2026-02-05,4,PT1H,MC-ArgosTol,5709.33,6156.0
2026-02-05,5,PT1H,MC-ArgosTol,5744.95,6156.0
2026-02-05,6,PT1H,MC-ArgosTol,5756.99,6156.0
2026-02-05,7,PT1H,MC-ArgosTol,5738.23,6156.0
2026-02-05,8,PT1H,MC-ArgosTol,5807.48,6156.0
2026-02-05,9,PT1H,MC-ArgosTol,6104.47,6156.0
2026-02-05,10,PT1H,MC-ArgosTol,6412.02,6156.0
2026-02-05,11,PT1H,MC-ArgosTol,6336.06,6156.0
2026-02-05,12,PT1H,MC-ArgosTol,5201.86,6156.0
2026-02-05,13,PT1H,MC-ArgosTol,5037.68,6156.0
2026-02-05,14,PT1H,MC-ArgosTol,5066.38,6156.0
2026-02-05,15,PT1H,MC-ArgosTol,4843.36,6156.0
2026-02-05,16,PT1H,MC-ArgosTol,4911.95,6156.0
2026-02-05,17,PT1H,MC-ArgosTol,4680.65,6156.0
2026-02-05,18,PT1H,MC-ArgosTol,4505.66,6156.0
2026-02-05,19,PT1H,MC-ArgosTol,4556.57,6156.0
2026-02-05,20,PT1H,MC-ArgosTol,4926.39,6156.0
2026-02-05,21,PT1H,MC-ArgosTol,5846.59,6156.0
2026-02-05,22,PT1H,MC-ArgosTol,5850.38,6156.0
2026-02-05,23,PT1H,MC-ArgosTol,5743.96,6156.0
2026-02-05,24,PT1H,MC-ArgosTol,5630.51,6156.0
2026-01-30,1,PT1H,MC-ArgosTol,3182.96,6970.0
2026-01-30,2,PT1H,MC-ArgosTol,3180.55,5770.0
2026-01-30,3,PT1H,MC-ArgosTol,3215.84,5710.0
2026-01-30,4,PT1H,MC-ArgosTol,3201.82,5690.0
2026-01-30,5,PT1H,MC-ArgosTol,3222.91,5700.0
2026-01-30,6,PT1H,MC-ArgosTol,3246.72,6020.0
2026-01-30,7,PT1H,MC-ArgosTol,3207.03,6860.0
2026-01-30,8,PT1H,MC-ArgosTol,3365.57,6830.0
2026-01-30,9,PT1H,MC-ArgosTol,3346.51,7100.0
2026-01-30,10,PT1H,MC-ArgosTol,3363.14,7470.0
2026-01-30,11,PT1H,MC-ArgosTol,3384.88,7510.0
2026-01-30,12,PT1H,MC-ArgosTol,3392.16,7420.0
2026-01-30,13,PT1H,MC-ArgosTol,3421.86,7490.0
2026-01-30,14,PT1H,MC-ArgosTol,3418.84,7330.0
2026-01-30,15,PT1H,MC-ArgosTol,3425.28,6200.0
2026-01-30,16,PT1H,MC-ArgosTol,3434.03,5850.0
2026-01-30,17,PT1H,MC-ArgosTol,3412.36,5040.0
2026-01-30,18,PT1H,MC-ArgosTol,3342.08,5750.0
2026-01-30,19,PT1H,MC-ArgosTol,3337.49,6280.0
2026-01-30,20,PT1H,MC-ArgosTol,3294.68,6240.0
2026-01-30,21,PT1H,MC-ArgosTol,3370.73,6130.0
2026-01-30,22,PT1H,MC-ArgosTol,3389.45,6640.0
2026-01-30,23,PT1H,MC-ArgosTol,3337.55,7390.0
2026-01-30,24,PT1H,MC-ArgosTol,3251.41,6800.0
2026-02-24,1,PT1H,MC-ArgosTol,2582.35,5503.0
2026-02-24,2,PT1H,MC-ArgosTol,2544.71,5503.0
2026-02-24,3,PT1H,MC-ArgosTol,2549.05,5503.0
2026-02-24,4,PT1H,MC-ArgosTol,2541.73,5503.0
2026-02-24,5,PT1H,MC-ArgosTol,3553.97,5503.0
2026-02-24,6,PT1H,MC-ArgosTol,3882.24,5503.0
2026-02-24,7,PT1H,MC-ArgosTol,3708.61,5503.0
2026-02-24,8,PT1H,MC-ArgosTol,3830.44,5503.0
2026-02-24,9,PT1H,MC-ArgosTol,3938.47,5503.0
2026-02-24,10,PT1H,MC-ArgosTol,4488.8,5503.0
2026-02-24,11,PT1H,MC-ArgosTol,4258.53,5503.0
2026-02-24,12,PT1H,MC-ArgosTol,4333.13,5503.0
2026-02-24,13,PT1H,MC-ArgosTol,3870.44,5503.0
2026-02-24,14,PT1H,MC-ArgosTol,3236.06,5503.0
2026-02-24,15,PT1H,MC-ArgosTol,4201.48,5503.0
2026-02-24,16,PT1H,MC-ArgosTol,4486.84,5503.0
2026-02-24,17,PT1H,MC-ArgosTol,3981.63,5503.0
2026-02-24,18,PT1H,MC-ArgosTol,3738.65,5503.0
2026-02-24,19,PT1H,MC-ArgosTol,3917.28,5503.0
2026-02-24,20,PT1H,MC-ArgosTol,3974.54,5503.0
2026-02-24,21,PT1H,MC-ArgosTol,3985.49,5503.0
2026-02-24,22,PT1H,MC-ArgosTol,3877.47,5503.0
2026-02-24,23,PT1H,MC-ArgosTol,3780.12,5503.0
2026-02-24,24,PT1H,MC-ArgosTol,3852.46,5503.0
2026-01-21,1,PT1H,MC-ArgosTol,6858.83,5889.0
2026-01-21,2,PT1H,MC-ArgosTol,6811.53,5889.0
2026-01-21,3,PT1H,MC-ArgosTol,6783.68,5889.0
2026-01-21,4,PT1H,MC-ArgosTol,6881.52,5889.0
2026-01-21,5,PT1H,MC-ArgosTol,6861.38,5889.0
2026-01-21,6,PT1H,MC-ArgosTol,7061.16,5889.0
2026-01-21,7,PT1H,MC-ArgosTol,6897.06,5889.0
2026-01-21,8,PT1H,MC-ArgosTol,6847.79,5889.0
2026-01-21,9,PT1H,MC-ArgosTol,7006.66,5889.0
2026-01-21,10,PT1H,MC-ArgosTol,7005.75,5889.0
2026-01-21,11,PT1H,MC-ArgosTol,6947.45,5889.0
2026-01-21,12,PT1H,MC-ArgosTol,6868.76,5889.0
2026-01-21,13,PT1H,MC-ArgosTol,6897.35,5889.0
2026-01-21,14,PT1H,MC-ArgosTol,6145.2,5889.0
2026-01-21,15,PT1H,MC-ArgosTol,5809.64,5889.0
2026-01-21,16,PT1H,MC-ArgosTol,5767.68,5889.0
2026-01-21,17,PT1H,MC-ArgosTol,6205.12,5889.0
2026-01-21,18,PT1H,MC-ArgosTol,5973.98,5889.0
2026-01-21,19,PT1H,MC-ArgosTol,4021.11,5889.0
2026-01-21,20,PT1H,MC-ArgosTol,4286.25,5889.0
2026-01-21,21,PT1H,MC-ArgosTol,5039.0,5889.0
2026-01-21,22,PT1H,MC-ArgosTol,4810.62,5889.0
2026-01-21,23,PT1H,MC-ArgosTol,4587.28,5889.0
2026-01-21,24,PT1H,MC-ArgosTol,4105.15,5889.0
2026-02-20,1,PT1H,MC-ArgosTol,6294.93,5636.0
2026-02-20,2,PT1H,MC-ArgosTol,6266.26,5636.0
2026-02-20,3,PT1H,MC-ArgosTol,6230.21,5636.0
2026-02-20,4,PT1H,MC-ArgosTol,6060.69,5636.0
2026-02-20,5,PT1H,MC-ArgosTol,5085.99,5636.0
2026-02-20,6,PT1H,MC-ArgosTol,4984.12,5636.0
2026-02-20,7,PT1H,MC-ArgosTol,3839.81,5636.0
2026-02-20,8,PT1H,MC-ArgosTol,3902.85,5636.0
2026-02-20,9,PT1H,MC-ArgosTol,4071.42,5636.0
2026-02-20,10,PT1H,MC-ArgosTol,5150.72,5636.0
2026-02-20,11,PT1H,MC-ArgosTol,5165.39,5636.0
2026-02-20,12,PT1H,MC-ArgosTol,5153.61,5636.0
2026-02-20,13,PT1H,MC-ArgosTol,5476.29,5636.0
2026-02-20,14,PT1H,MC-ArgosTol,4636.19,5636.0
2026-02-20,15,PT1H,MC-ArgosTol,4214.53,5636.0
2026-02-20,16,PT1H,MC-ArgosTol,3985.41,5636.0
2026-02-20,17,PT1H,MC-ArgosTol,3901.21,5636.0
2026-02-20,18,PT1H,MC-ArgosTol,3833.2,5636.0
2026-02-20,19,PT1H,MC-ArgosTol,3916.29,5636.0
2026-02-20,20,PT1H,MC-ArgosTol,4220.33,5636.0
2026-02-20,21,PT1H,MC-ArgosTol,4058.15,5636.0
2026-02-20,22,PT1H,MC-ArgosTol,3929.88,5636.0
2026-02-20,23,PT1H,MC-ArgosTol,3889.47,5636.0
2026-02-20,24,PT1H,MC-ArgosTol,3732.92,5636.0
2026-02-01,1,PT1H,MC-ArgosTol,660.9,5560.0
2026-02-01,2,PT1H,MC-ArgosTol,660.41,5560.0
2026-02-01,3,PT1H,MC-ArgosTol,658.78,5560.0
2026-02-01,4,PT1H,MC-ArgosTol,656.2,5560.0
2026-02-01,5,PT1H,MC-ArgosTol,647.33,5560.0
2026-02-01,6,PT1H,MC-ArgosTol,647.26,5560.0
2026-02-01,7,PT1H,MC-ArgosTol,635.27,5560.0
2026-02-01,8,PT1H,MC-ArgosTol,637.66,5560.0
2026-02-01,9,PT1H,MC-ArgosTol,643.73,5560.0
2026-02-01,10,PT1H,MC-ArgosTol,649.04,5560.0
2026-02-01,11,PT1H,MC-ArgosTol,641.54,5560.0
2026-02-01,12,PT1H,MC-ArgosTol,625.11,5560.0
2026-02-01,13,PT1H,MC-ArgosTol,623.07,5560.0
2026-02-01,14,PT1H,MC-ArgosTol,618.87,5560.0
2026-02-01,15,PT1H,MC-ArgosTol,624.21,5560.0
2026-02-01,16,PT1H,MC-ArgosTol,629.04,5560.0
2026-02-01,17,PT1H,MC-ArgosTol,666.71,5560.0
2026-02-01,18,PT1H,MC-ArgosTol,659.6,5560.0
2026-02-01,19,PT1H,MC-ArgosTol,654.64,5560.0
2026-02-01,20,PT1H,MC-ArgosTol,654.08,5560.0
2026-02-01,21,PT1H,MC-ArgosTol,656.04,5560.0
2026-02-01,22,PT1H,MC-ArgosTol,666.11,5560.0
2026-02-01,23,PT1H,MC-ArgosTol,661.43,5560.0
2026-02-01,24,PT1H,MC-ArgosTol,675.45,5560.0
2026-02-16,1,PT1H,MC-ArgosTol,3685.73,5385.0
2026-02-16,2,PT1H,MC-ArgosTol,3626.42,5385.0
2026-02-16,3,PT1H,MC-ArgosTol,3633.14,5385.0
2026-02-16,4,PT1H,MC-ArgosTol,3583.55,5385.0
2026-02-16,5,PT1H,MC-ArgosTol,3764.15,5385.0
2026-02-16,6,PT1H,MC-ArgosTol,3773.38,5385.0
2026-02-16,7,PT1H,MC-ArgosTol,3730.31,5385.0
2026-02-16,8,PT1H,MC-ArgosTol,3755.72,5385.0
2026-02-16,9,PT1H,MC-ArgosTol,3854.39,5385.0
2026-02-16,10,PT1H,MC-ArgosTol,4182.83,5385.0
2026-02-16,11,PT1H,MC-ArgosTol,4224.11,5385.0
2026-02-16,12,PT1H,MC-ArgosTol,4105.18,5385.0
2026-02-16,13,PT1H,MC-ArgosTol,4074.78,5385.0
2026-02-16,14,PT1H,MC-ArgosTol,4223.42,5385.0
2026-02-16,15,PT1H,MC-ArgosTol,4152.91,5385.0
2026-02-16,16,PT1H,MC-ArgosTol,3910.31,5385.0
2026-02-16,17,PT1H,MC-ArgosTol,4054.93,5385.0
2026-02-16,18,PT1H,MC-ArgosTol,3962.97,5385.0
2026-02-16,19,PT1H,MC-ArgosTol,3972.78,5385.0
2026-02-16,20,PT1H,MC-ArgosTol,4003.99,5385.0
2026-02-16,21,PT1H,MC-ArgosTol,3908.03,5385.0
2026-02-16,22,PT1H,MC-ArgosTol,3697.24,5385.0
2026-02-16,23,PT1H,MC-ArgosTol,3658.64,5385.0
2026-02-16,24,PT1H,MC-ArgosTol,3591.09,5385.0
2026-01-11,1,PT1H,MC-ArgosTol,7880.88,6390.0
2026-01-11,2,PT1H,MC-ArgosTol,7669.29,6390.0
2026-01-11,3,PT1H,MC-ArgosTol,7497.08,6390.0
2026-01-11,4,PT1H,MC-ArgosTol,7523.8,6390.0
2026-01-11,5,PT1H,MC-ArgosTol,7529.07,6390.0
2026-01-11,6,PT1H,MC-ArgosTol,7730.42,6390.0
2026-01-11,7,PT1H,MC-ArgosTol,8619.0,6390.0
2026-01-11,8,PT1H,MC-ArgosTol,7455.08,6390.0
2026-01-11,9,PT1H,MC-ArgosTol,8685.78,6390.0
2026-01-11,10,PT1H,MC-ArgosTol,8693.24,6390.0
2026-01-11,11,PT1H,MC-ArgosTol,8658.15,6390.0
2026-01-11,12,PT1H,MC-ArgosTol,8673.02,6390.0
2026-01-11,13,PT1H,MC-ArgosTol,8711.38,6390.0
2026-01-11,14,PT1H,MC-ArgosTol,8701.18,6390.0
2026-01-11,15,PT1H,MC-ArgosTol,8589.23,6390.0
2026-01-11,16,PT1H,MC-ArgosTol,8660.31,6390.0
2026-01-11,17,PT1H,MC-ArgosTol,8691.07,6390.0
2026-01-11,18,PT1H,MC-ArgosTol,8583.62,6390.0
2026-01-11,19,PT1H,MC-ArgosTol,8724.06,6390.0
2026-01-11,20,PT1H,MC-ArgosTol,8699.39,6390.0
2026-01-11,21,PT1H,MC-ArgosTol,8689.82,6390.0
2026-01-11,22,PT1H,MC-ArgosTol,8728.72,6390.0
2026-01-11,23,PT1H,MC-ArgosTol,8695.9,6390.0
2026-01-11,24,PT1H,MC-ArgosTol,8319.16,6390.0
2026-01-12,1,PT1H,MC-ArgosTol,6624.01,5539.0
2026-01-12,2,PT1H,MC-ArgosTol,5639.37,5539.0
2026-01-12,3,PT1H,MC-ArgosTol,5662.49,5539.0
2026-01-12,4,PT1H,MC-ArgosTol,5681.74,5539.0
2026-01-12,5,PT1H,MC-ArgosTol,5735.68,5539.0
2026-01-12,6,PT1H,MC-ArgosTol,5702.16,5539.0
2026-01-12,7,PT1H,MC-ArgosTol,5611.8,5539.0
2026-01-12,8,PT1H,MC-ArgosTol,4575.74,5539.0
2026-01-12,9,PT1H,MC-ArgosTol,4452.03,5539.0
2026-01-12,10,PT1H,MC-ArgosTol,4382.86,5539.0
2026-01-12,11,PT1H,MC-ArgosTol,4460.07,5539.0
2026-01-12,12,PT1H,MC-ArgosTol,4809.14,5539.0
2026-01-12,13,PT1H,MC-ArgosTol,4886.93,5539.0
2026-01-12,14,PT1H,MC-ArgosTol,4693.06,5539.0
2026-01-12,15,PT1H,MC-ArgosTol,4807.25,5539.0
2026-01-12,16,PT1H,MC-ArgosTol,4424.96,5539.0
2026-01-12,17,PT1H,MC-ArgosTol,4893.37,5539.0
2026-01-12,18,PT1H,MC-ArgosTol,4770.85,5539.0
2026-01-12,19,PT1H,MC-ArgosTol,4611.42,5539.0
2026-01-12,20,PT1H,MC-ArgosTol,4865.52,5539.0
2026-01-12,21,PT1H,MC-ArgosTol,4897.74,5539.0
2026-01-12,22,PT1H,MC-ArgosTol,4911.59,5539.0
2026-01-12,23,PT1H,MC-ArgosTol,4696.79,5539.0
2026-01-12,24,PT1H,MC-ArgosTol,4233.23,5539.0
2026-01-04,1,PT1H,MC-ArgosTol,9264.86,8490.0
2026-01-04,2,PT1H,MC-ArgosTol,9316.58,8490.0
2026-01-04,3,PT1H,MC-ArgosTol,9351.04,8490.0
2026-01-04,4,PT1H,MC-ArgosTol,9313.84,8490.0
2026-01-04,5,PT1H,MC-ArgosTol,9381.97,8490.0
2026-01-04,6,PT1H,MC-ArgosTol,9404.3,8490.0
2026-01-04,7,PT1H,MC-ArgosTol,9360.74,8490.0
2026-01-04,8,PT1H,MC-ArgosTol,9377.12,8490.0
2026-01-04,9,PT1H,MC-ArgosTol,9810.91,8490.0
2026-01-04,10,PT1H,MC-ArgosTol,9609.45,8490.0
2026-01-04,11,PT1H,MC-ArgosTol,9652.65,8490.0
2026-01-04,12,PT1H,MC-ArgosTol,9535.75,8490.0
2026-01-04,13,PT1H,MC-ArgosTol,7460.2,8490.0
2026-01-04,14,PT1H,MC-ArgosTol,7343.11,8490.0
2026-01-04,15,PT1H,MC-ArgosTol,7298.27,8490.0
2026-01-04,16,PT1H,MC-ArgosTol,6851.03,8490.0
2026-01-04,17,PT1H,MC-ArgosTol,5770.45,8490.0
2026-01-04,18,PT1H,MC-ArgosTol,5569.2,8490.0
2026-01-04,19,PT1H,MC-ArgosTol,5551.62,8490.0
2026-01-04,20,PT1H,MC-ArgosTol,5548.85,8490.0
2026-01-04,21,PT1H,MC-ArgosTol,5645.37,8490.0
2026-01-04,22,PT1H,MC-ArgosTol,6830.54,8490.0
2026-01-04,23,PT1H,MC-ArgosTol,6873.4,8490.0
2026-01-04,24,PT1H,MC-ArgosTol,6857.42,8490.0
2026-02-15,1,PT1H,MC-ArgosTol,2635.32,5557.0
2026-02-15,2,PT1H,MC-ArgosTol,2505.38,5556.0
2026-02-15,3,PT1H,MC-ArgosTol,2500.73,5556.0
2026-02-15,4,PT1H,MC-ArgosTol,2521.49,5556.0
2026-02-15,5,PT1H,MC-ArgosTol,2548.55,5556.0
2026-02-15,6,PT1H,MC-ArgosTol,3032.93,5556.0
2026-02-15,7,PT1H,MC-ArgosTol,3737.52,5556.0
2026-02-15,8,PT1H,MC-ArgosTol,3616.17,5556.0
2026-02-15,9,PT1H,MC-ArgosTol,3680.56,5556.0
2026-02-15,10,PT1H,MC-ArgosTol,3678.03,5556.0
2026-02-15,11,PT1H,MC-ArgosTol,3717.65,5556.0
2026-02-15,12,PT1H,MC-ArgosTol,3776.62,5556.0
2026-02-15,13,PT1H,MC-ArgosTol,3802.68,5556.0
2026-02-15,14,PT1H,MC-ArgosTol,3782.21,5556.0
2026-02-15,15,PT1H,MC-ArgosTol,3723.86,5556.0
2026-02-15,16,PT1H,MC-ArgosTol,3727.56,5556.0
2026-02-15,17,PT1H,MC-ArgosTol,3801.89,5556.0
2026-02-15,18,PT1H,MC-ArgosTol,3180.2,5556.0
2026-02-15,19,PT1H,MC-ArgosTol,2640.58,5556.0
2026-02-15,20,PT1H,MC-ArgosTol,3777.54,5556.0
2026-02-15,21,PT1H,MC-ArgosTol,3777.49,5556.0
2026-02-15,22,PT1H,MC-ArgosTol,3771.92,5556.0
2026-02-15,23,PT1H,MC-ArgosTol,3624.33,5556.0
2026-02-15,24,PT1H,MC-ArgosTol,3672.09,5556.0
2026-01-17,12,PT1H,MC-ArgosTol,4599.18,6101.0
2026-01-17,13,PT1H,MC-ArgosTol,4274.15,6101.0
2026-01-17,14,PT1H,MC-ArgosTol,4255.78,6101.0
2026-01-17,15,PT1H,MC-ArgosTol,4194.4,6101.0
2026-01-17,16,PT1H,MC-ArgosTol,4228.89,6101.0
2026-01-17,17,PT1H,MC-ArgosTol,4150.63,6101.0
2026-01-17,18,PT1H,MC-ArgosTol,4074.2,6101.0
2026-01-17,19,PT1H,MC-ArgosTol,4132.28,6101.0
2026-01-17,20,PT1H,MC-ArgosTol,4646.6,6101.0
2026-01-17,21,PT1H,MC-ArgosTol,5120.68,6101.0
2026-01-17,22,PT1H,MC-ArgosTol,5225.87,6101.0
2026-01-17,23,PT1H,MC-ArgosTol,5188.12,6101.0
2026-01-17,24,PT1H,MC-ArgosTol,5080.23,6101.0
2026-01-17,1,PT1H,MC-ArgosTol,2473.5,6820.0
2026-01-17,2,PT1H,MC-ArgosTol,2567.84,6620.0
2026-01-17,3,PT1H,MC-ArgosTol,4614.7,6101.0
2026-01-17,4,PT1H,MC-ArgosTol,5398.94,6101.0
2026-01-17,5,PT1H,MC-ArgosTol,5303.51,6101.0
2026-01-17,6,PT1H,MC-ArgosTol,5171.85,6101.0
2026-01-17,7,PT1H,MC-ArgosTol,4905.63,6101.0
2026-01-17,8,PT1H,MC-ArgosTol,4842.15,6101.0
2026-01-17,9,PT1H,MC-ArgosTol,4380.32,6101.0
2026-01-17,10,PT1H,MC-ArgosTol,4339.17,6101.0
2026-01-17,11,PT1H,MC-ArgosTol,4584.66,6101.0
2026-02-26,1,PT1H,MC-ArgosTol,6485.79,5840.0
2026-02-26,2,PT1H,MC-ArgosTol,5371.48,5840.0
2026-02-26,3,PT1H,MC-ArgosTol,5121.33,5840.0
2026-02-26,4,PT1H,MC-ArgosTol,5125.82,5840.0
2026-02-26,5,PT1H,MC-ArgosTol,5166.94,5840.0
2026-02-26,6,PT1H,MC-ArgosTol,5170.11,5840.0
2026-02-26,7,PT1H,MC-ArgosTol,6246.81,5840.0
2026-02-26,8,PT1H,MC-ArgosTol,6338.54,5840.0
2026-02-26,9,PT1H,MC-ArgosTol,6758.76,5840.0
2026-02-26,10,PT1H,MC-ArgosTol,6991.45,5840.0
2026-02-26,11,PT1H,MC-ArgosTol,6921.36,5840.0
2026-02-26,12,PT1H,MC-ArgosTol,7036.9,5840.0
2026-02-26,13,PT1H,MC-ArgosTol,6586.45,5840.0
2026-02-26,14,PT1H,MC-ArgosTol,6511.5,5840.0
2026-02-26,15,PT1H,MC-ArgosTol,6911.65,5840.0
2026-02-26,16,PT1H,MC-ArgosTol,6840.82,5840.0
2026-02-26,17,PT1H,MC-ArgosTol,6604.97,5840.0
2026-02-26,18,PT1H,MC-ArgosTol,6545.25,5840.0
2026-02-26,19,PT1H,MC-ArgosTol,6769.97,5840.0
2026-02-26,20,PT1H,MC-ArgosTol,6594.21,5840.0
2026-02-26,21,PT1H,MC-ArgosTol,6429.14,5840.0
2026-02-26,22,PT1H,MC-ArgosTol,6482.26,5840.0
2026-02-26,23,PT1H,MC-ArgosTol,5946.63,5840.0
2026-02-26,24,PT1H,MC-ArgosTol,6013.33,5840.0
2026-01-09,1,PT1H,MC-ArgosTol,6974.88,8605.0
2026-01-09,2,PT1H,MC-ArgosTol,5768.93,8605.0
2026-01-09,3,PT1H,MC-ArgosTol,5706.77,8605.0
2026-01-09,4,PT1H,MC-ArgosTol,5688.32,8605.0
2026-01-09,5,PT1H,MC-ArgosTol,5704.86,8605.0
2026-01-09,6,PT1H,MC-ArgosTol,6016.06,8605.0
2026-01-09,7,PT1H,MC-ArgosTol,6858.1,8605.0
2026-01-09,8,PT1H,MC-ArgosTol,6828.0,8605.0
2026-01-09,9,PT1H,MC-ArgosTol,7096.11,8605.0
2026-01-09,10,PT1H,MC-ArgosTol,7470.77,8605.0
2026-01-09,11,PT1H,MC-ArgosTol,7508.14,8605.0
2026-01-09,12,PT1H,MC-ArgosTol,7415.51,8605.0
2026-01-09,13,PT1H,MC-ArgosTol,7490.06,8605.0
2026-01-09,14,PT1H,MC-ArgosTol,7332.2,8605.0
2026-01-09,15,PT1H,MC-ArgosTol,6196.49,8605.0
2026-01-09,16,PT1H,MC-ArgosTol,5846.92,8605.0
2026-01-09,17,PT1H,MC-ArgosTol,5037.88,8605.0
2026-01-09,18,PT1H,MC-ArgosTol,5748.49,8605.0
2026-01-09,19,PT1H,MC-ArgosTol,6283.04,8605.0
2026-01-09,20,PT1H,MC-ArgosTol,6239.9,8605.0
2026-01-09,21,PT1H,MC-ArgosTol,6132.99,8605.0
2026-01-09,22,PT1H,MC-ArgosTol,6639.56,8605.0
2026-01-09,23,PT1H,MC-ArgosTol,7392.08,8605.0
2026-01-09,24,PT1H,MC-ArgosTol,6799.1,8605.0
2026-01-08,1,PT1H,MC-ArgosTol,9420.78,8650.0
2026-01-08,2,PT1H,MC-ArgosTol,9348.45,8650.0
2026-01-08,3,PT1H,MC-ArgosTol,8259.97,8650.0
2026-01-08,4,PT1H,MC-ArgosTol,8161.89,8650.0
2026-01-08,5,PT1H,MC-ArgosTol,8151.34,8650.0
2026-01-08,6,PT1H,MC-ArgosTol,9093.33,8650.0
2026-01-08,7,PT1H,MC-ArgosTol,9283.23,8650.0
2026-01-08,8,PT1H,MC-ArgosTol,9418.8,8650.0
2026-01-08,9,PT1H,MC-ArgosTol,9811.36,8650.0
2026-01-08,10,PT1H,MC-ArgosTol,9096.78,8650.0
2026-01-08,11,PT1H,MC-ArgosTol,7447.67,8650.0
2026-01-08,12,PT1H,MC-ArgosTol,7433.58,8650.0
2026-01-08,13,PT1H,MC-ArgosTol,7275.54,8650.0
2026-01-08,14,PT1H,MC-ArgosTol,7391.59,8650.0
2026-01-08,15,PT1H,MC-ArgosTol,7486.61,8650.0
2026-01-08,16,PT1H,MC-ArgosTol,7147.97,8650.0
2026-01-08,17,PT1H,MC-ArgosTol,7713.5,8650.0
2026-01-08,18,PT1H,MC-ArgosTol,7552.5,8650.0
2026-01-08,19,PT1H,MC-ArgosTol,7513.46,8650.0
2026-01-08,20,PT1H,MC-ArgosTol,7580.22,8650.0
2026-01-08,21,PT1H,MC-ArgosTol,7534.96,8650.0
2026-01-08,22,PT1H,MC-ArgosTol,7514.82,8650.0
2026-01-08,23,PT1H,MC-ArgosTol,7264.12,8650.0
2026-01-08,24,PT1H,MC-ArgosTol,6972.93,8650.0
2026-02-21,1,PT1H,MC-ArgosTol,4387.61,5358.0
2026-02-21,2,PT1H,MC-ArgosTol,5340.41,5358.0
2026-02-21,3,PT1H,MC-ArgosTol,5154.51,5358.0
2026-02-21,4,PT1H,MC-ArgosTol,5139.76,5358.0
2026-02-21,5,PT1H,MC-ArgosTol,5381.95,5358.0
2026-02-21,6,PT1H,MC-ArgosTol,6104.18,5358.0
2026-02-21,7,PT1H,MC-ArgosTol,6618.06,5358.0
2026-02-21,8,PT1H,MC-ArgosTol,6740.74,5358.0
2026-02-21,9,PT1H,MC-ArgosTol,6831.14,5358.0
2026-02-21,10,PT1H,MC-ArgosTol,6812.2,5358.0
2026-02-21,11,PT1H,MC-ArgosTol,6839.93,5358.0
2026-02-21,12,PT1H,MC-ArgosTol,6887.24,5358.0
2026-02-21,13,PT1H,MC-ArgosTol,6905.99,5358.0
2026-02-21,14,PT1H,MC-ArgosTol,7634.6,5358.0
2026-02-21,15,PT1H,MC-ArgosTol,7132.81,5358.0
2026-02-21,16,PT1H,MC-ArgosTol,5643.52,5358.0
2026-02-21,17,PT1H,MC-ArgosTol,5672.06,5358.0
2026-02-21,18,PT1H,MC-ArgosTol,5703.45,5358.0
2026-02-21,19,PT1H,MC-ArgosTol,5759.71,5358.0
2026-02-21,20,PT1H,MC-ArgosTol,5831.12,5358.0
2026-02-21,21,PT1H,MC-ArgosTol,5815.56,5358.0
2026-02-21,22,PT1H,MC-ArgosTol,5817.94,5358.0
2026-02-21,23,PT1H,MC-ArgosTol,4585.49,5358.0
2026-02-21,24,PT1H,MC-ArgosTol,3792.89,5358.0
2026-01-25,1,PT1H,MC-ArgosTol,5535.32,5982.0
2026-01-25,2,PT1H,MC-ArgosTol,5558.28,5982.0
2026-01-25,3,PT1H,MC-ArgosTol,5423.75,5982.0
2026-01-25,4,PT1H,MC-ArgosTol,5444.79,5982.0
2026-01-25,5,PT1H,MC-ArgosTol,5492.39,5982.0
2026-01-25,6,PT1H,MC-ArgosTol,5478.6,5982.0
2026-01-25,7,PT1H,MC-ArgosTol,5485.91,5982.0
2026-01-25,8,PT1H,MC-ArgosTol,5449.05,5982.0
2026-01-25,9,PT1H,MC-ArgosTol,5488.81,5982.0
2026-01-25,10,PT1H,MC-ArgosTol,5463.65,5982.0
2026-01-25,11,PT1H,MC-ArgosTol,5496.51,5982.0
2026-01-25,12,PT1H,MC-ArgosTol,4478.28,5982.0
2026-01-25,13,PT1H,MC-ArgosTol,3428.93,5982.0
2026-01-25,14,PT1H,MC-ArgosTol,4407.07,5982.0
2026-01-25,15,PT1H,MC-ArgosTol,4213.04,5982.0
2026-01-25,16,PT1H,MC-ArgosTol,2966.37,5982.0
2026-01-25,17,PT1H,MC-ArgosTol,2925.91,5982.0
2026-01-25,18,PT1H,MC-ArgosTol,2978.58,5982.0
2026-01-25,19,PT1H,MC-ArgosTol,3031.51,5982.0
2026-01-25,20,PT1H,MC-ArgosTol,3014.05,5982.0
2026-01-25,21,PT1H,MC-ArgosTol,3025.98,5982.0
2026-01-25,22,PT1H,MC-ArgosTol,3056.58,5982.0
2026-01-25,23,PT1H,MC-ArgosTol,2957.28,5982.0
2026-01-25,24,PT1H,MC-ArgosTol,2680.32,5982.0
2026-01-07,1,PT1H,MC-ArgosTol,7620.32,8758.7
2026-01-07,2,PT1H,MC-ArgosTol,8624.01,8793.6
2026-01-07,3,PT1H,MC-ArgosTol,8825.9,9818.8
2026-01-07,4,PT1H,MC-ArgosTol,8857.36,9890.5
2026-01-07,5,PT1H,MC-ArgosTol,8854.4,9872.1
2026-01-07,6,PT1H,MC-ArgosTol,8873.09,8235.9
2026-01-07,7,PT1H,MC-ArgosTol,9665.25,8798.7
2026-01-07,8,PT1H,MC-ArgosTol,10156.28,9796.8
2026-01-07,9,PT1H,MC-ArgosTol,10520.81,8844.7
2026-01-07,10,PT1H,MC-ArgosTol,10740.25,9939.5
2026-01-07,11,PT1H,MC-ArgosTol,10396.94,9980.2
2026-01-07,12,PT1H,MC-ArgosTol,10330.88,8976.1
2026-01-07,13,PT1H,MC-ArgosTol,10265.43,9994.1
2026-01-07,14,PT1H,MC-ArgosTol,9046.65,9984.3
2026-01-07,15,PT1H,MC-ArgosTol,8525.47,9988.4
2026-01-07,16,PT1H,MC-ArgosTol,7657.93,6875.3
2026-01-07,17,PT1H,MC-ArgosTol,8406.6,6968.4
2026-01-07,18,PT1H,MC-ArgosTol,8710.86,6788.3
2026-01-07,19,PT1H,MC-ArgosTol,8929.75,6779.1
2026-01-07,20,PT1H,MC-ArgosTol,8729.71,6813.0
2026-01-07,21,PT1H,MC-ArgosTol,8607.98,6930.9
2026-01-07,22,PT1H,MC-ArgosTol,9313.63,6849.1
2026-01-07,23,PT1H,MC-ArgosTol,9747.96,6834.6
2026-01-07,24,PT1H,MC-ArgosTol,9467.08,6623.7
2026-02-22,8,PT1H,MC-ArgosTol,3721.61,3730.0
2026-02-22,9,PT1H,MC-ArgosTol,3755.62,3730.0
2026-02-22,10,PT1H,MC-ArgosTol,3716.91,3730.0
2026-02-22,11,PT1H,MC-ArgosTol,3732.81,3730.0
2026-02-22,12,PT1H,MC-ArgosTol,3400.57,3730.0
2026-02-22,13,PT1H,MC-ArgosTol,2620.14,3730.0
2026-02-22,14,PT1H,MC-ArgosTol,3400.79,3730.0
2026-02-22,15,PT1H,MC-ArgosTol,3789.22,3730.0
2026-02-22,16,PT1H,MC-ArgosTol,3629.75,3730.0
2026-02-22,17,PT1H,MC-ArgosTol,3651.83,3730.0
2026-02-22,18,PT1H,MC-ArgosTol,3667.99,3730.0
2026-02-22,19,PT1H,MC-ArgosTol,3645.42,3730.0
2026-02-22,20,PT1H,MC-ArgosTol,3732.82,3730.0
2026-02-22,21,PT1H,MC-ArgosTol,3741.47,3730.0
2026-02-22,22,PT1H,MC-ArgosTol,3780.13,3730.0
2026-02-22,23,PT1H,MC-ArgosTol,3783.44,3730.0
2026-02-22,24,PT1H,MC-ArgosTol,3709.04,3730.0
2026-02-22,1,PT1H,MC-ArgosTol,3863.39,3730.0
2026-02-22,2,PT1H,MC-ArgosTol,3807.79,3730.0
2026-02-22,3,PT1H,MC-ArgosTol,3774.25,3730.0
2026-02-22,4,PT1H,MC-ArgosTol,3833.19,3730.0
2026-02-22,5,PT1H,MC-ArgosTol,3677.79,3730.0
2026-02-22,6,PT1H,MC-ArgosTol,2645.56,3730.0
2026-02-22,7,PT1H,MC-ArgosTol,3457.86,3730.0
2026-01-26,1,PT1H,MC-ArgosTol,2787.79,7002.0
2026-01-26,2,PT1H,MC-ArgosTol,2740.27,7002.0
2026-01-26,3,PT1H,MC-ArgosTol,2746.02,7002.0
2026-01-26,4,PT1H,MC-ArgosTol,2779.03,7002.0
2026-01-26,5,PT1H,MC-ArgosTol,2785.15,7002.0
2026-01-26,6,PT1H,MC-ArgosTol,2531.57,7002.0
2026-01-26,7,PT1H,MC-ArgosTol,2369.6,7002.0
2026-01-26,8,PT1H,MC-ArgosTol,2298.93,7002.0
2026-01-26,9,PT1H,MC-ArgosTol,2416.29,7002.0
2026-01-26,10,PT1H,MC-ArgosTol,2543.52,7002.0
2026-01-26,11,PT1H,MC-ArgosTol,2825.01,7002.0
2026-01-26,12,PT1H,MC-ArgosTol,2550.05,7002.0
2026-01-26,13,PT1H,MC-ArgosTol,2677.92,7002.0
2026-01-26,14,PT1H,MC-ArgosTol,2804.66,7002.0
2026-01-26,15,PT1H,MC-ArgosTol,2729.5,7002.0
2026-01-26,16,PT1H,MC-ArgosTol,1434.85,7002.0
2026-01-26,17,PT1H,MC-ArgosTol,1290.97,7002.0
2026-01-26,18,PT1H,MC-ArgosTol,1192.3,7002.0
2026-01-26,19,PT1H,MC-ArgosTol,1195.44,7002.0
2026-01-26,20,PT1H,MC-ArgosTol,1253.54,7002.0
2026-01-26,21,PT1H,MC-ArgosTol,1626.27,7002.0
2026-01-26,22,PT1H,MC-ArgosTol,1678.19,7002.0
2026-01-26,23,PT1H,MC-ArgosTol,1601.73,7002.0
2026-01-26,24,PT1H,MC-ArgosTol,983.26,7002.0
2026-01-29,1,PT1H,MC-ArgosTol,3310.99,6448.0
2026-01-29,2,PT1H,MC-ArgosTol,3277.54,6448.0
2026-01-29,3,PT1H,MC-ArgosTol,3271.27,6448.0
2026-01-29,4,PT1H,MC-ArgosTol,3265.64,6448.0
2026-01-29,5,PT1H,MC-ArgosTol,3261.43,6448.0
2026-01-29,6,PT1H,MC-ArgosTol,3312.62,6448.0
2026-01-29,7,PT1H,MC-ArgosTol,3265.79,6448.0
2026-01-29,8,PT1H,MC-ArgosTol,3423.72,6448.0
2026-01-29,9,PT1H,MC-ArgosTol,3443.4,6448.0
2026-01-29,10,PT1H,MC-ArgosTol,3442.54,6448.0
2026-01-29,11,PT1H,MC-ArgosTol,3231.61,6448.0
2026-01-29,12,PT1H,MC-ArgosTol,3422.99,6448.0
2026-01-29,13,PT1H,MC-ArgosTol,3417.18,6448.0
2026-01-29,14,PT1H,MC-ArgosTol,3410.89,6448.0
2026-01-29,15,PT1H,MC-ArgosTol,3349.39,6448.0
2026-01-29,16,PT1H,MC-ArgosTol,3418.63,6448.0
2026-01-29,17,PT1H,MC-ArgosTol,3401.89,6448.0
2026-01-29,18,PT1H,MC-ArgosTol,3358.29,6448.0
2026-01-29,19,PT1H,MC-ArgosTol,3389.0,6448.0
2026-01-29,20,PT1H,MC-ArgosTol,3358.85,6448.0
2026-01-29,21,PT1H,MC-ArgosTol,3371.88,6448.0
2026-01-29,22,PT1H,MC-ArgosTol,3358.8,6448.0
2026-01-29,23,PT1H,MC-ArgosTol,3343.78,6448.0
2026-01-29,24,PT1H,MC-ArgosTol,3222.22,6448.0
2026-01-27,1,PT1H,MC-ArgosTol,2969.32,7062.0
2026-01-27,2,PT1H,MC-ArgosTol,5171.09,7062.0
2026-01-27,3,PT1H,MC-ArgosTol,5274.35,7062.0
2026-01-27,4,PT1H,MC-ArgosTol,5240.3,7062.0
2026-01-27,5,PT1H,MC-ArgosTol,5207.75,7062.0
2026-01-27,6,PT1H,MC-ArgosTol,5266.84,7062.0
2026-01-27,7,PT1H,MC-ArgosTol,4780.01,7062.0
2026-01-27,8,PT1H,MC-ArgosTol,3667.41,7062.0
2026-01-27,9,PT1H,MC-ArgosTol,4481.2,7062.0
2026-01-27,10,PT1H,MC-ArgosTol,5463.47,7062.0
2026-01-27,11,PT1H,MC-ArgosTol,5389.89,7062.0
2026-01-27,12,PT1H,MC-ArgosTol,5429.71,7062.0
2026-01-27,13,PT1H,MC-ArgosTol,5424.57,7062.0
2026-01-27,14,PT1H,MC-ArgosTol,5429.75,7062.0
2026-01-27,15,PT1H,MC-ArgosTol,5391.76,7062.0
2026-01-27,16,PT1H,MC-ArgosTol,5423.04,7062.0
2026-01-27,17,PT1H,MC-ArgosTol,5429.12,7062.0
2026-01-27,18,PT1H,MC-ArgosTol,5365.2,7062.0
2026-01-27,19,PT1H,MC-ArgosTol,5343.33,7062.0
2026-01-27,20,PT1H,MC-ArgosTol,5867.6,7062.0
2026-01-27,21,PT1H,MC-ArgosTol,5816.12,7062.0
2026-01-27,22,PT1H,MC-ArgosTol,5856.31,7062.0
2026-01-27,23,PT1H,MC-ArgosTol,5795.94,7062.0
2026-01-27,24,PT1H,MC-ArgosTol,5247.74,7062.0
2026-01-05,1,PT1H,MC-ArgosTol,6810.62,9220.8
2026-01-05,2,PT1H,MC-ArgosTol,6709.47,9334.7
2026-01-05,3,PT1H,MC-ArgosTol,6724.89,9406.4
2026-01-05,4,PT1H,MC-ArgosTol,6759.23,9430.2
2026-01-05,5,PT1H,MC-ArgosTol,6794.1,9437.6
2026-01-05,6,PT1H,MC-ArgosTol,6831.87,9443.3
2026-01-05,7,PT1H,MC-ArgosTol,6846.78,9425.1
2026-01-05,8,PT1H,MC-ArgosTol,6930.0,9524.1
2026-01-05,9,PT1H,MC-ArgosTol,7007.42,9542.4
2026-01-05,10,PT1H,MC-ArgosTol,7365.97,9839.9
2026-01-05,11,PT1H,MC-ArgosTol,7292.21,8508.2
2026-01-05,12,PT1H,MC-ArgosTol,7158.2,9302.3
2026-01-05,13,PT1H,MC-ArgosTol,7144.32,9996.9
2026-01-05,14,PT1H,MC-ArgosTol,7243.03,8105.3
2026-01-05,15,PT1H,MC-ArgosTol,7324.43,8105.4
2026-01-05,16,PT1H,MC-ArgosTol,7002.41,9597.1
2026-01-05,17,PT1H,MC-ArgosTol,7416.2,8793.6
2026-01-05,18,PT1H,MC-ArgosTol,7340.43,9864.0
2026-01-05,19,PT1H,MC-ArgosTol,6440.01,9926.5
2026-01-05,20,PT1H,MC-ArgosTol,7421.31,8793.6
2026-01-05,21,PT1H,MC-ArgosTol,7620.31,9905.1
2026-01-05,22,PT1H,MC-ArgosTol,7270.75,9975.7
2026-01-05,23,PT1H,MC-ArgosTol,7063.24,9909.3
2026-01-05,24,PT1H,MC-ArgosTol,6969.75,9350.0
2026-02-03,1,PT1H,MC-ArgosTol,2538.39,6390.0
2026-02-03,2,PT1H,MC-ArgosTol,2530.51,6390.0
2026-02-03,3,PT1H,MC-ArgosTol,2535.85,6390.0
2026-02-03,4,PT1H,MC-ArgosTol,2543.15,6390.0
2026-02-03,5,PT1H,MC-ArgosTol,2529.16,6390.0
2026-02-03,6,PT1H,MC-ArgosTol,2539.5,6390.0
2026-02-03,7,PT1H,MC-ArgosTol,2482.09,6390.0
2026-02-03,8,PT1H,MC-ArgosTol,2745.91,6390.0
2026-02-03,9,PT1H,MC-ArgosTol,3162.02,6390.0
2026-02-03,10,PT1H,MC-ArgosTol,3374.09,6390.0
2026-02-03,11,PT1H,MC-ArgosTol,3517.43,6390.0
2026-02-03,12,PT1H,MC-ArgosTol,3497.21,6390.0
2026-02-03,13,PT1H,MC-ArgosTol,3521.99,6390.0
2026-02-03,14,PT1H,MC-ArgosTol,3723.33,6390.0
2026-02-03,15,PT1H,MC-ArgosTol,3680.22,6390.0
2026-02-03,16,PT1H,MC-ArgosTol,4279.59,6390.0
2026-02-03,17,PT1H,MC-ArgosTol,4644.81,6390.0
2026-02-03,18,PT1H,MC-ArgosTol,4305.04,6390.0
2026-02-03,19,PT1H,MC-ArgosTol,4379.46,6390.0
2026-02-03,20,PT1H,MC-ArgosTol,4163.55,6390.0
2026-02-03,21,PT1H,MC-ArgosTol,3593.72,6390.0
2026-02-03,22,PT1H,MC-ArgosTol,4009.18,6390.0
2026-02-03,23,PT1H,MC-ArgosTol,3926.26,6390.0
2026-02-03,24,PT1H,MC-ArgosTol,3823.37,6390.0
2026-02-18,1,PT1H,MC-ArgosTol,5587.66,5310.0
2026-02-18,2,PT1H,MC-ArgosTol,5585.38,5310.0
2026-02-18,3,PT1H,MC-ArgosTol,4692.57,5310.0
2026-02-18,4,PT1H,MC-ArgosTol,4334.76,5310.0
2026-02-18,5,PT1H,MC-ArgosTol,4349.71,5310.0
2026-02-18,6,PT1H,MC-ArgosTol,4356.07,5310.0
2026-02-18,7,PT1H,MC-ArgosTol,5374.99,5310.0
2026-02-18,8,PT1H,MC-ArgosTol,5616.04,5310.0
2026-02-18,9,PT1H,MC-ArgosTol,5882.09,5310.0
2026-02-18,10,PT1H,MC-ArgosTol,5898.76,5310.0
2026-02-18,11,PT1H,MC-ArgosTol,6137.57,5310.0
2026-02-18,12,PT1H,MC-ArgosTol,6041.28,5310.0
2026-02-18,13,PT1H,MC-ArgosTol,6070.8,5310.0
2026-02-18,14,PT1H,MC-ArgosTol,6010.14,5310.0
2026-02-18,15,PT1H,MC-ArgosTol,6038.62,5310.0
2026-02-18,16,PT1H,MC-ArgosTol,6106.98,5310.0
2026-02-18,17,PT1H,MC-ArgosTol,6119.65,5310.0
2026-02-18,18,PT1H,MC-ArgosTol,5700.89,5310.0
2026-02-18,19,PT1H,MC-ArgosTol,5756.97,5310.0
2026-02-18,20,PT1H,MC-ArgosTol,5677.3,5310.0
2026-02-18,21,PT1H,MC-ArgosTol,5577.99,5310.0
2026-02-18,22,PT1H,MC-ArgosTol,5526.5,5310.0
2026-02-18,23,PT1H,MC-ArgosTol,5580.03,5310.0
2026-02-18,24,PT1H,MC-ArgosTol,5356.71,5310.0
2026-01-23,1,PT1H,MC-ArgosTol,8490.68,5498.0
2026-01-23,2,PT1H,MC-ArgosTol,8648.16,5498.0
2026-01-23,3,PT1H,MC-ArgosTol,8691.05,5498.0
2026-01-23,4,PT1H,MC-ArgosTol,8771.4,5498.0
2026-01-23,5,PT1H,MC-ArgosTol,8730.62,5498.0
2026-01-23,6,PT1H,MC-ArgosTol,8698.96,5498.0
2026-01-23,7,PT1H,MC-ArgosTol,8639.31,5498.0
2026-01-23,8,PT1H,MC-ArgosTol,8766.25,5498.0
2026-01-23,9,PT1H,MC-ArgosTol,8757.93,5498.0
2026-01-23,10,PT1H,MC-ArgosTol,8854.61,5498.0
2026-01-23,11,PT1H,MC-ArgosTol,8692.0,5498.0
2026-01-23,12,PT1H,MC-ArgosTol,8772.19,5498.0
2026-01-23,13,PT1H,MC-ArgosTol,8873.85,5498.0
2026-01-23,14,PT1H,MC-ArgosTol,9223.22,5498.0
2026-01-23,15,PT1H,MC-ArgosTol,9143.53,5498.0
2026-01-23,16,PT1H,MC-ArgosTol,7035.42,5498.0
2026-01-23,17,PT1H,MC-ArgosTol,6978.01,5498.0
2026-01-23,18,PT1H,MC-ArgosTol,6928.93,5498.0
2026-01-23,19,PT1H,MC-ArgosTol,6702.02,5498.0
2026-01-23,20,PT1H,MC-ArgosTol,7403.58,5498.0
2026-01-23,21,PT1H,MC-ArgosTol,8293.69,5498.0
2026-01-23,22,PT1H,MC-ArgosTol,8881.56,5498.0
2026-01-23,23,PT1H,MC-ArgosTol,8611.82,5498.0
2026-01-23,24,PT1H,MC-ArgosTol,8433.55,5498.0
2026-02-19,1,PT1H,MC-ArgosTol,3956.65,5450.0
2026-02-19,2,PT1H,MC-ArgosTol,4123.44,5450.0
2026-02-19,3,PT1H,MC-ArgosTol,5059.91,5450.0
2026-02-19,4,PT1H,MC-ArgosTol,4976.79,5450.0
2026-02-19,5,PT1H,MC-ArgosTol,5015.0,5450.0
2026-02-19,6,PT1H,MC-ArgosTol,5103.68,5450.0
2026-02-19,7,PT1H,MC-ArgosTol,6174.33,5450.0
2026-02-19,8,PT1H,MC-ArgosTol,6251.45,5450.0
2026-02-19,9,PT1H,MC-ArgosTol,6261.51,5450.0
2026-02-19,10,PT1H,MC-ArgosTol,6229.37,5450.0
2026-02-19,11,PT1H,MC-ArgosTol,6209.68,5450.0
2026-02-19,12,PT1H,MC-ArgosTol,6293.91,5450.0
2026-02-19,13,PT1H,MC-ArgosTol,6371.78,5450.0
2026-02-19,14,PT1H,MC-ArgosTol,6822.77,5450.0
2026-02-19,15,PT1H,MC-ArgosTol,6761.26,5450.0
2026-02-19,16,PT1H,MC-ArgosTol,5746.69,5450.0
2026-02-19,17,PT1H,MC-ArgosTol,6328.42,5450.0
2026-02-19,18,PT1H,MC-ArgosTol,6449.86,5450.0
2026-02-19,19,PT1H,MC-ArgosTol,6447.45,5450.0
2026-02-19,20,PT1H,MC-ArgosTol,6356.82,5450.0
2026-02-19,21,PT1H,MC-ArgosTol,6488.47,5450.0
2026-02-19,22,PT1H,MC-ArgosTol,6464.02,5450.0
2026-02-19,23,PT1H,MC-ArgosTol,6424.58,5450.0
2026-02-19,24,PT1H,MC-ArgosTol,6326.62,5450.0
2026-02-27,1,PT1H,MC-ArgosTol,2873.51,5762.0
2026-02-27,2,PT1H,MC-ArgosTol,2745.38,5762.0
2026-02-27,3,PT1H,MC-ArgosTol,2780.42,5762.0
2026-02-27,4,PT1H,MC-ArgosTol,2775.75,5762.0
2026-02-27,5,PT1H,MC-ArgosTol,2776.31,5762.0
2026-02-27,6,PT1H,MC-ArgosTol,2860.76,5762.0
2026-02-27,7,PT1H,MC-ArgosTol,3322.85,5762.0
2026-02-27,8,PT1H,MC-ArgosTol,3990.48,5762.0
2026-02-27,9,PT1H,MC-ArgosTol,5786.96,5762.0
2026-02-27,10,PT1H,MC-ArgosTol,6364.83,5762.0
2026-02-27,11,PT1H,MC-ArgosTol,6321.62,5762.0
2026-02-27,12,PT1H,MC-ArgosTol,6275.01,5762.0
2026-02-27,13,PT1H,MC-ArgosTol,6270.15,5762.0
2026-02-27,14,PT1H,MC-ArgosTol,6306.18,5762.0
2026-02-27,15,PT1H,MC-ArgosTol,6121.12,5762.0
2026-02-27,16,PT1H,MC-ArgosTol,5722.07,5762.0
2026-02-27,17,PT1H,MC-ArgosTol,5627.29,5762.0
2026-02-27,18,PT1H,MC-ArgosTol,5676.44,5762.0
2026-02-27,19,PT1H,MC-ArgosTol,5714.27,5762.0
2026-02-27,20,PT1H,MC-ArgosTol,5729.69,5762.0
2026-02-27,21,PT1H,MC-ArgosTol,5614.07,5762.0
2026-02-27,22,PT1H,MC-ArgosTol,5538.49,5762.0
2026-02-27,23,PT1H,MC-ArgosTol,5558.36,5762.0
2026-02-27,24,PT1H,MC-ArgosTol,5606.21,5762.0
2026-02-02,1,PT1H,MC-ArgosTol,693.93,6127.0
2026-02-02,2,PT1H,MC-ArgosTol,698.95,6127.0
2026-02-02,3,PT1H,MC-ArgosTol,688.36,6127.0
2026-02-02,4,PT1H,MC-ArgosTol,691.31,6127.0
2026-02-02,5,PT1H,MC-ArgosTol,706.49,6127.0
2026-02-02,6,PT1H,MC-ArgosTol,703.57,6127.0
2026-02-02,7,PT1H,MC-ArgosTol,702.92,6127.0
2026-02-02,8,PT1H,MC-ArgosTol,816.62,6127.0
2026-02-02,9,PT1H,MC-ArgosTol,1793.17,6127.0
2026-02-02,10,PT1H,MC-ArgosTol,2515.09,6127.0
2026-02-02,11,PT1H,MC-ArgosTol,2721.87,6127.0
2026-02-02,12,PT1H,MC-ArgosTol,2588.38,6127.0
2026-02-02,13,PT1H,MC-ArgosTol,2771.92,6127.0
2026-02-02,14,PT1H,MC-ArgosTol,2994.07,6127.0
2026-02-02,15,PT1H,MC-ArgosTol,2981.69,6127.0
2026-02-02,16,PT1H,MC-ArgosTol,2996.08,6127.0
2026-02-02,17,PT1H,MC-ArgosTol,2967.37,6127.0
2026-02-02,18,PT1H,MC-ArgosTol,2510.14,6127.0
2026-02-02,19,PT1H,MC-ArgosTol,2622.36,6127.0
2026-02-02,20,PT1H,MC-ArgosTol,2676.25,6127.0
2026-02-02,21,PT1H,MC-ArgosTol,2629.62,6127.0
2026-02-02,22,PT1H,MC-ArgosTol,2646.6,6127.0
2026-02-02,23,PT1H,MC-ArgosTol,2589.54,6127.0
2026-02-02,24,PT1H,MC-ArgosTol,2534.68,6127.0
2026-01-06,1,PT1H,MC-ArgosTol,6938.31,8639.0
2026-01-06,2,PT1H,MC-ArgosTol,7009.7,8639.0
2026-01-06,3,PT1H,MC-ArgosTol,7003.71,8639.0
2026-01-06,4,PT1H,MC-ArgosTol,6969.65,8639.0
2026-01-06,5,PT1H,MC-ArgosTol,8322.89,8639.0
2026-01-06,6,PT1H,MC-ArgosTol,8760.01,8639.0
2026-01-06,7,PT1H,MC-ArgosTol,8846.43,8639.0
2026-01-06,8,PT1H,MC-ArgosTol,8939.09,8639.0
2026-01-06,9,PT1H,MC-ArgosTol,9060.6,8639.0
2026-01-06,10,PT1H,MC-ArgosTol,9426.35,8639.0
2026-01-06,11,PT1H,MC-ArgosTol,9402.17,8639.0
2026-01-06,12,PT1H,MC-ArgosTol,9335.06,8639.0
2026-01-06,13,PT1H,MC-ArgosTol,9306.99,8639.0
2026-01-06,14,PT1H,MC-ArgosTol,9337.89,8639.0
2026-01-06,15,PT1H,MC-ArgosTol,9370.93,8639.0
2026-01-06,16,PT1H,MC-ArgosTol,7229.23,8639.0
2026-01-06,17,PT1H,MC-ArgosTol,7424.2,8639.0
2026-01-06,18,PT1H,MC-ArgosTol,6180.08,8639.0
2026-01-06,19,PT1H,MC-ArgosTol,5422.1,8639.0
2026-01-06,20,PT1H,MC-ArgosTol,5794.01,8639.0
2026-01-06,21,PT1H,MC-ArgosTol,8594.43,8639.0
2026-01-06,22,PT1H,MC-ArgosTol,9340.12,8639.0
2026-01-06,23,PT1H,MC-ArgosTol,9288.85,8639.0
2026-01-06,24,PT1H,MC-ArgosTol,8812.71,8639.0
2026-01-18,1,PT1H,MC-ArgosTol,4818.13,6290.0
2026-01-18,2,PT1H,MC-ArgosTol,4609.41,6290.0
2026-01-18,3,PT1H,MC-ArgosTol,4619.63,6290.0
2026-01-18,4,PT1H,MC-ArgosTol,4194.13,6290.0
2026-01-18,5,PT1H,MC-ArgosTol,4200.37,6290.0
2026-01-18,6,PT1H,MC-ArgosTol,4243.19,6290.0
2026-01-18,7,PT1H,MC-ArgosTol,4439.91,6290.0
2026-01-18,8,PT1H,MC-ArgosTol,4471.97,6290.0
2026-01-18,9,PT1H,MC-ArgosTol,4522.45,6290.0
2026-01-18,10,PT1H,MC-ArgosTol,4668.34,6290.0
2026-01-18,11,PT1H,MC-ArgosTol,5078.04,6290.0
2026-01-18,12,PT1H,MC-ArgosTol,5199.62,6290.0
2026-01-18,13,PT1H,MC-ArgosTol,5212.31,6290.0
2026-01-18,14,PT1H,MC-ArgosTol,5224.77,6290.0
2026-01-18,15,PT1H,MC-ArgosTol,3097.21,6290.0
2026-01-18,16,PT1H,MC-ArgosTol,2685.98,6290.0
2026-01-18,17,PT1H,MC-ArgosTol,2671.6,6290.0
2026-01-18,18,PT1H,MC-ArgosTol,2636.04,6290.0
2026-01-18,19,PT1H,MC-ArgosTol,2779.98,6290.0
2026-01-18,20,PT1H,MC-ArgosTol,3131.12,6290.0
2026-01-18,21,PT1H,MC-ArgosTol,4038.42,6290.0
2026-01-18,22,PT1H,MC-ArgosTol,4067.68,6290.0
2026-01-18,23,PT1H,MC-ArgosTol,4071.01,6290.0
2026-01-18,24,PT1H,MC-ArgosTol,4099.5,6290.0
2026-01-14,1,PT1H,MC-ArgosTol,4708.8,5632.0
2026-01-14,2,PT1H,MC-ArgosTol,6316.56,5632.0
2026-01-14,3,PT1H,MC-ArgosTol,6248.88,5632.0
2026-01-14,4,PT1H,MC-ArgosTol,6276.41,5632.0
2026-01-14,5,PT1H,MC-ArgosTol,6306.33,5632.0
2026-01-14,6,PT1H,MC-ArgosTol,6354.41,5632.0
2026-01-14,7,PT1H,MC-ArgosTol,6362.09,5632.0
2026-01-14,8,PT1H,MC-ArgosTol,6494.59,5632.0
2026-01-14,9,PT1H,MC-ArgosTol,6709.05,5632.0
2026-01-14,10,PT1H,MC-ArgosTol,6990.91,5632.0
2026-01-14,11,PT1H,MC-ArgosTol,6918.8,5632.0
2026-01-14,12,PT1H,MC-ArgosTol,6693.53,5632.0
2026-01-14,13,PT1H,MC-ArgosTol,7020.13,5632.0
2026-01-14,14,PT1H,MC-ArgosTol,6930.94,5632.0
2026-01-14,15,PT1H,MC-ArgosTol,6903.84,5632.0
2026-01-14,16,PT1H,MC-ArgosTol,6510.31,5632.0
2026-01-14,17,PT1H,MC-ArgosTol,6176.59,5632.0
2026-01-14,18,PT1H,MC-ArgosTol,5467.74,5632.0
2026-01-14,19,PT1H,MC-ArgosTol,5760.26,5632.0
2026-01-14,20,PT1H,MC-ArgosTol,6827.66,5632.0
2026-01-14,21,PT1H,MC-ArgosTol,6895.8,5632.0
2026-01-14,22,PT1H,MC-ArgosTol,6921.0,5632.0
2026-01-14,23,PT1H,MC-ArgosTol,6770.75,5632.0
2026-01-14,24,PT1H,MC-ArgosTol,6178.23,5632.0
2026-02-04,1,PT1H,MC-ArgosTol,4969.93,5837.5
2026-02-04,2,PT1H,MC-ArgosTol,6294.56,5837.5
2026-02-04,3,PT1H,MC-ArgosTol,6314.94,5837.5
2026-02-04,4,PT1H,MC-ArgosTol,6359.67,5837.5
2026-02-04,5,PT1H,MC-ArgosTol,6350.89,5837.5
2026-02-04,6,PT1H,MC-ArgosTol,5808.72,5837.5
2026-02-04,7,PT1H,MC-ArgosTol,6325.22,5837.5
2026-02-04,8,PT1H,MC-ArgosTol,6339.25,5837.5
2026-02-04,9,PT1H,MC-ArgosTol,6367.08,5837.5
2026-02-04,10,PT1H,MC-ArgosTol,6457.63,5837.5
2026-02-04,11,PT1H,MC-ArgosTol,6714.84,5837.5
2026-02-04,12,PT1H,MC-ArgosTol,7054.79,5837.5
2026-02-04,13,PT1H,MC-ArgosTol,7036.96,5837.5
2026-02-04,14,PT1H,MC-ArgosTol,7059.08,5837.5
2026-02-04,15,PT1H,MC-ArgosTol,6928.22,5837.5
2026-02-04,16,PT1H,MC-ArgosTol,7098.53,5837.5
2026-02-04,17,PT1H,MC-ArgosTol,6741.6,5837.5
2026-02-04,18,PT1H,MC-ArgosTol,6420.61,5837.5
2026-02-04,19,PT1H,MC-ArgosTol,4320.27,5837.5
2026-02-04,20,PT1H,MC-ArgosTol,4037.43,5837.5
2026-02-04,21,PT1H,MC-ArgosTol,4075.29,5837.5
2026-02-04,22,PT1H,MC-ArgosTol,4080.64,5837.5
2026-02-04,23,PT1H,MC-ArgosTol,3974.01,5837.5
2026-02-04,24,PT1H,MC-ArgosTol,3860.63,5837.5
2026-02-17,1,PT1H,MC-ArgosTol,2637.71,5300.0
2026-02-17,2,PT1H,MC-ArgosTol,4196.37,5300.0
2026-02-17,3,PT1H,MC-ArgosTol,4202.07,5300.0
2026-02-17,4,PT1H,MC-ArgosTol,4102.11,5300.0
2026-02-17,5,PT1H,MC-ArgosTol,4144.95,5300.0
2026-02-17,6,PT1H,MC-ArgosTol,4432.45,5300.0
2026-02-17,7,PT1H,MC-ArgosTol,5330.74,5300.0
2026-02-17,8,PT1H,MC-ArgosTol,5516.58,5300.0
2026-02-17,9,PT1H,MC-ArgosTol,5739.43,5300.0
2026-02-17,10,PT1H,MC-ArgosTol,5864.43,5300.0
2026-02-17,11,PT1H,MC-ArgosTol,5982.63,5300.0
2026-02-17,12,PT1H,MC-ArgosTol,5964.57,5300.0
2026-02-17,13,PT1H,MC-ArgosTol,5905.73,5300.0
2026-02-17,14,PT1H,MC-ArgosTol,5858.52,5300.0
2026-02-17,15,PT1H,MC-ArgosTol,5772.82,5300.0
2026-02-17,16,PT1H,MC-ArgosTol,6022.54,5300.0
2026-02-17,17,PT1H,MC-ArgosTol,5882.83,5300.0
2026-02-17,18,PT1H,MC-ArgosTol,5663.56,5300.0
2026-02-17,19,PT1H,MC-ArgosTol,5161.65,5300.0
2026-02-17,20,PT1H,MC-ArgosTol,4538.33,5300.0
2026-02-17,21,PT1H,MC-ArgosTol,4814.49,5300.0
2026-02-17,22,PT1H,MC-ArgosTol,5524.79,5300.0
2026-02-17,23,PT1H,MC-ArgosTol,5569.08,5300.0
2026-02-17,24,PT1H,MC-ArgosTol,5515.27,5300.0
2026-01-13,1,PT1H,MC-ArgosTol,4207.34,6133.0
2026-01-13,2,PT1H,MC-ArgosTol,4142.37,6133.0
2026-01-13,3,PT1H,MC-ArgosTol,4174.44,6133.0
2026-01-13,4,PT1H,MC-ArgosTol,3876.63,6133.0
2026-01-13,5,PT1H,MC-ArgosTol,2770.1,6133.0
2026-01-13,6,PT1H,MC-ArgosTol,2945.8,6133.0
2026-01-13,7,PT1H,MC-ArgosTol,3021.62,6133.0
2026-01-13,8,PT1H,MC-ArgosTol,3234.03,6133.0
2026-01-13,9,PT1H,MC-ArgosTol,3459.62,6133.0
2026-01-13,10,PT1H,MC-ArgosTol,4497.32,6133.0
2026-01-13,11,PT1H,MC-ArgosTol,4575.42,6133.0
2026-01-13,12,PT1H,MC-ArgosTol,4352.25,6133.0
2026-01-13,13,PT1H,MC-ArgosTol,4425.85,6133.0
2026-01-13,14,PT1H,MC-ArgosTol,4533.12,6133.0
2026-01-13,15,PT1H,MC-ArgosTol,4301.55,6133.0
2026-01-13,16,PT1H,MC-ArgosTol,4010.81,6133.0
2026-01-13,17,PT1H,MC-ArgosTol,4403.45,6133.0
2026-01-13,18,PT1H,MC-ArgosTol,4102.68,6133.0
2026-01-13,19,PT1H,MC-ArgosTol,3877.99,6133.0
2026-01-13,20,PT1H,MC-ArgosTol,3912.0,6133.0
2026-01-13,21,PT1H,MC-ArgosTol,3921.73,6133.0
2026-01-13,22,PT1H,MC-ArgosTol,4160.9,6133.0
2026-01-13,23,PT1H,MC-ArgosTol,4265.55,6133.0
2026-01-13,24,PT1H,MC-ArgosTol,3848.11,6133.0
2026-02-07,1,PT1H,MC-ArgosTol,7007.33,5966.0
2026-02-07,2,PT1H,MC-ArgosTol,6848.61,5966.0
2026-02-07,3,PT1H,MC-ArgosTol,6902.77,5966.0
2026-02-07,4,PT1H,MC-ArgosTol,6889.41,5966.0
2026-02-07,5,PT1H,MC-ArgosTol,6891.35,5966.0
2026-02-07,6,PT1H,MC-ArgosTol,6988.61,5966.0
2026-02-07,7,PT1H,MC-ArgosTol,8107.85,5966.0
2026-02-07,8,PT1H,MC-ArgosTol,8164.11,5966.0
2026-02-07,9,PT1H,MC-ArgosTol,8065.38,5966.0
2026-02-07,10,PT1H,MC-ArgosTol,6561.51,5966.0
2026-02-07,11,PT1H,MC-ArgosTol,5648.44,5966.0
2026-02-07,12,PT1H,MC-ArgosTol,4507.32,5966.0
2026-02-07,13,PT1H,MC-ArgosTol,3273.68,5966.0
2026-02-07,14,PT1H,MC-ArgosTol,3902.71,5966.0
2026-02-07,15,PT1H,MC-ArgosTol,3866.33,5966.0
2026-02-07,16,PT1H,MC-ArgosTol,3795.57,5966.0
2026-02-07,17,PT1H,MC-ArgosTol,3878.26,5966.0
2026-02-07,18,PT1H,MC-ArgosTol,3896.21,5966.0
2026-02-07,19,PT1H,MC-ArgosTol,3926.32,5966.0
2026-02-07,20,PT1H,MC-ArgosTol,3887.15,5966.0
2026-02-07,21,PT1H,MC-ArgosTol,3887.34,5966.0
2026-02-07,22,PT1H,MC-ArgosTol,3910.4,5966.0
2026-02-07,23,PT1H,MC-ArgosTol,3861.69,5966.0
2026-02-07,24,PT1H,MC-ArgosTol,3733.86,5966.0
2026-01-19,1,PT1H,MC-ArgosTol,4238.05,5896.0
2026-01-19,2,PT1H,MC-ArgosTol,4770.4,5896.0
2026-01-19,3,PT1H,MC-ArgosTol,4185.64,5896.0
2026-01-19,4,PT1H,MC-ArgosTol,5247.7,5896.0
2026-01-19,5,PT1H,MC-ArgosTol,5533.85,5896.0
2026-01-19,6,PT1H,MC-ArgosTol,5546.42,5896.0
2026-01-19,7,PT1H,MC-ArgosTol,5519.66,5896.0
2026-01-19,8,PT1H,MC-ArgosTol,5716.7,5896.0
2026-01-19,9,PT1H,MC-ArgosTol,5643.55,5896.0
2026-01-19,10,PT1H,MC-ArgosTol,5664.39,5896.0
2026-01-19,11,PT1H,MC-ArgosTol,5644.55,5896.0
2026-01-19,12,PT1H,MC-ArgosTol,5664.29,5896.0
2026-01-19,13,PT1H,MC-ArgosTol,5755.23,5896.0
2026-01-19,14,PT1H,MC-ArgosTol,6040.24,5896.0
2026-01-19,15,PT1H,MC-ArgosTol,4735.86,5896.0
2026-01-19,16,PT1H,MC-ArgosTol,4358.86,5896.0
2026-01-19,17,PT1H,MC-ArgosTol,5026.74,5896.0
2026-01-19,18,PT1H,MC-ArgosTol,5297.29,5896.0
2026-01-19,19,PT1H,MC-ArgosTol,5573.11,5896.0
2026-01-19,20,PT1H,MC-ArgosTol,5595.42,5896.0
2026-01-19,21,PT1H,MC-ArgosTol,5209.21,5896.0
2026-01-19,22,PT1H,MC-ArgosTol,6374.43,5896.0
2026-01-19,23,PT1H,MC-ArgosTol,6500.35,5896.0
2026-01-19,24,PT1H,MC-ArgosTol,4695.59,5896.0
2026-01-03,1,PT1H,MC-ArgosTol,6649.8,7979.0
2026-01-03,2,PT1H,MC-ArgosTol,8076.15,7217.0
2026-01-03,3,PT1H,MC-ArgosTol,8118.79,7238.5
2026-01-03,4,PT1H,MC-ArgosTol,8165.99,7244.0
2026-01-03,5,PT1H,MC-ArgosTol,8216.34,7375.5
2026-01-03,6,PT1H,MC-ArgosTol,8135.34,7257.5
2026-01-03,7,PT1H,MC-ArgosTol,8168.04,9130.5
2026-01-03,8,PT1H,MC-ArgosTol,8297.12,9291.5
2026-01-03,9,PT1H,MC-ArgosTol,8759.18,9364.0
2026-01-03,10,PT1H,MC-ArgosTol,8786.38,9425.5
2026-01-03,11,PT1H,MC-ArgosTol,8723.5,9545.0
2026-01-03,12,PT1H,MC-ArgosTol,9720.42,10982.0
2026-01-03,13,PT1H,MC-ArgosTol,9888.76,9789.0
2026-01-03,14,PT1H,MC-ArgosTol,9880.05,8865.0
2026-01-03,15,PT1H,MC-ArgosTol,9745.92,7743.0
2026-01-03,16,PT1H,MC-ArgosTol,9392.97,8257.0
2026-01-03,17,PT1H,MC-ArgosTol,9597.36,9425.5
2026-01-03,18,PT1H,MC-ArgosTol,9751.31,9127.0
2026-01-03,19,PT1H,MC-ArgosTol,9542.02,8789.0
2026-01-03,20,PT1H,MC-ArgosTol,9509.57,7865.0
2026-01-03,21,PT1H,MC-ArgosTol,9451.95,7743.0
2026-01-03,22,PT1H,MC-ArgosTol,9865.61,7425.5
2026-01-03,23,PT1H,MC-ArgosTol,9210.6,7127.0
2026-01-03,24,PT1H,MC-ArgosTol,9290.43,7419.0
2026-01-28,1,PT1H,MC-ArgosTol,5280.19,6448.0
2026-01-28,2,PT1H,MC-ArgosTol,5234.66,6448.0
2026-01-28,3,PT1H,MC-ArgosTol,5240.09,6448.0
2026-01-28,4,PT1H,MC-ArgosTol,5246.58,6448.0
2026-01-28,5,PT1H,MC-ArgosTol,5212.58,6448.0
2026-01-28,6,PT1H,MC-ArgosTol,5223.59,6448.0
2026-01-28,7,PT1H,MC-ArgosTol,3521.24,6448.0
2026-01-28,8,PT1H,MC-ArgosTol,2908.99,6448.0
2026-01-28,9,PT1H,MC-ArgosTol,2880.94,6448.0
2026-01-28,10,PT1H,MC-ArgosTol,2821.67,6448.0
2026-01-28,11,PT1H,MC-ArgosTol,2768.24,6448.0
2026-01-28,12,PT1H,MC-ArgosTol,2757.2,6448.0
2026-01-28,13,PT1H,MC-ArgosTol,2759.34,6448.0
2026-01-28,14,PT1H,MC-ArgosTol,2699.39,6448.0
2026-01-28,15,PT1H,MC-ArgosTol,2547.72,6448.0
2026-01-28,16,PT1H,MC-ArgosTol,2644.25,6448.0
2026-01-28,17,PT1H,MC-ArgosTol,2648.34,6448.0
2026-01-28,18,PT1H,MC-ArgosTol,2618.77,6448.0
2026-01-28,19,PT1H,MC-ArgosTol,3609.69,6448.0
2026-01-28,20,PT1H,MC-ArgosTol,5180.61,6448.0
2026-01-28,21,PT1H,MC-ArgosTol,5539.61,6448.0
2026-01-28,22,PT1H,MC-ArgosTol,5628.61,6448.0
2026-01-28,23,PT1H,MC-ArgosTol,5460.86,6448.0
2026-01-28,24,PT1H,MC-ArgosTol,4763.07,6448.0
2026-02-08,1,PT1H,MC-ArgosTol,2634.46,5560.0
2026-02-08,2,PT1H,MC-ArgosTol,2636.78,5560.0
2026-02-08,3,PT1H,MC-ArgosTol,2620.76,5560.0
2026-02-08,4,PT1H,MC-ArgosTol,2611.57,5560.0
2026-02-08,5,PT1H,MC-ArgosTol,2606.81,5560.0
2026-02-08,6,PT1H,MC-ArgosTol,2583.56,5560.0
2026-02-08,7,PT1H,MC-ArgosTol,3595.52,5560.0
2026-02-08,8,PT1H,MC-ArgosTol,3731.05,5560.0
2026-02-08,9,PT1H,MC-ArgosTol,3761.34,5560.0
2026-02-08,10,PT1H,MC-ArgosTol,3763.11,5560.0
2026-02-08,11,PT1H,MC-ArgosTol,3774.17,5560.0
2026-02-08,12,PT1H,MC-ArgosTol,2961.13,5560.0
2026-02-08,13,PT1H,MC-ArgosTol,3221.31,5560.0
2026-02-08,14,PT1H,MC-ArgosTol,3638.56,5560.0
2026-02-08,15,PT1H,MC-ArgosTol,3552.7,5560.0
2026-02-08,16,PT1H,MC-ArgosTol,2537.03,5560.0
2026-02-08,17,PT1H,MC-ArgosTol,2586.61,5560.0
2026-02-08,18,PT1H,MC-ArgosTol,2592.57,5560.0
2026-02-08,19,PT1H,MC-ArgosTol,2580.74,5560.0
2026-02-08,20,PT1H,MC-ArgosTol,2500.11,5560.0
2026-02-08,21,PT1H,MC-ArgosTol,2519.03,5560.0
2026-02-08,22,PT1H,MC-ArgosTol,2794.89,5560.0
2026-02-08,23,PT1H,MC-ArgosTol,2511.94,5560.0
2026-02-08,24,PT1H,MC-ArgosTol,2520.89,5560.0
